hash	date	exclusion_reason	sensitive_path	changed	note
a2b2e32	2026-04-10	preship_fix	yes	scheduler.run_day fallback lock paths call _run_shadow_prediction; cli check_results grades shadow pick	shadow model wired in 555e8f5 23 min earlier same day; adds missing shadow calls/grading, prod pick path untouched
0f86abb	2026-04-10	preship_fix	no	web.load_all_picks skips *.shadow.json; hero lock_badge HIT/MISS/LOCKED/PENDING logic; new _render_game_tags	dashboard fixes for same-day shadow files/shadow_mode (d5e0d7b, cbbbc4f) + new game tags
c21df2e	2026-04-10	preship_fix	no	web.render_scorecard_section drops score header row	removes header made redundant by game tags added 3 min earlier (0f86abb); cosmetic
975fdc4	2026-04-10	feature	no	web.render_page adds shadow-model agreement indicator; game-tag margin	new dashboard shadow indicator + spacing
6f48e47	2026-04-10	feature	no	web.render_page shadow indicator: P@1 comparison, dot colour by performance, disagreement splits	extends same-day shadow indicator (975fdc4)
c30138b	2026-04-10	possible_fix_of_live_behaviour	no	web.render_page pick-history row_class precedence: hit/miss checked before date==today	dashboard display only: today's row (live since 3/31, 98d23a6) now coloured by result once graded
0729031	2026-04-10	feature	no	new cli preview command (saves projected pick, never posts; skips resolved/posted picks); also scripts/fly-cron-loop.sh	new overnight preview pick writer; later relevant to stale-preview pick files but adds capability only
d16bae4	2026-04-10	feature	no	web.render_page hero: new lock_time_html (earliest game - 5 min)	new dashboard lock-time display
12c51e9	2026-04-10	docs_or_config_text	no	web.render_page subtitle text (14->15 features, 86.9->86.2 P@1)	static text only
ecab05c	2026-04-11	docs_or_config_text	yes	deletes .github/workflows/deploy.yml (Fly flyctl deploy on push to main)	infra migration Fly->Hetzner; removes old deploy config, no live-logic fix
51ef987	2026-04-11	feature	yes	new .github/workflows/deploy.yml: SSH to Hetzner, git pull --ff-only, restart scheduler+dashboard	new Hetzner deploy; its root git pull silently failed (fixed 870cede), restart used wrong scope (cda8c1c)
d771ae1	2026-04-11	docs_or_config_text	no	web.render_page footer text (LAN only -> Tailscale only)	static text only
76b63fa	2026-04-11	preship_fix	no	web.render_page pick_rows skips date > today	hides preview picks from preview cmd added 3h earlier (0729031)
17ca511	2026-04-11	preship_fix	no	web.render_page lock_time_html converts to ET	UTC display bug in lock-time display added ~3h earlier (d16bae4)
2ee1763	2026-04-12	possible_fix_of_live_behaviour	no	web.load_scheduler_state (new); hero is_locked now ORs scheduler_state.pick_locked; separate POSTED badge	display-only: a locked-but-unposted pick (private mode/post failure) showed PENDING (live since 4/10); now LOCKED
cef825b	2026-04-12	feature	no	web.load_orchestrator_config (new); hero lock_time_html adds Expected lock (earliest - fallback_deadline_min)	new expected-lock display; old earliest-5min time kept, renamed Lock in before
b7d2135	2026-04-12	feature	no	web.render_page hero: stacked status/posted badges, NOT POSTED badge, stacked lock times	layout/visual only
715c932	2026-04-12	preship_fix	yes	scripts/cron-setup-hetzner.sh 3am chain: preview before sync-to-r2 (';'), subshell so log captures all cmds	45 min after d5c466c codified the crontab; chain had never run on Hetzner (cron died at source: not found)
1b28720	2026-04-12	docs_or_config_text	no	cli.state_regenerate docstring	docstring text only
0cc7f23	2026-04-12	refactor	yes	scheduler.run_day: shadow_mode config key/var renamed private_mode in lock/fallback branches + log prefixes	behaviour-neutral rename; box TOML switched to private_mode=false before deploy
defbec3	2026-04-13	feature	no	features.compute_all_features: rookie-gated shrinkage of batter_hr_{30,60,120}g (BTS_ROOKIE_GATE_K default 20)	deliberate model change (backtested), changes live feature values/picks; not a fix
dccbfbb	2026-04-14	feature	no	features.compute: pitcher_hr_30g rolling min_periods 10->7 via BTS_PITCHER_HR_30G_MIN_PERIODS	model tuning (walk-forward evidence), changes live picks; not a fix of broken behaviour
6e1256e	2026-04-14	research	no	pyproject model extra adds catboost; uv.lock regenerated (exclude-newer bump)	dep for CatBoostExperiment (research); this lock change CAUSED the silent deploy failure fixed in 6bffd63
0528bfd	2026-04-15	research	no	new simulate/pooled_policy.py (pooled-seed bins, evaluate_mdp_policy); pooled_v1.npz; arch_eval.py seed env	research checkpoint; explicitly does not touch live mdp_policy.npz; arch_eval seed fix is research-script only
e1ebde9	2026-04-15	feature	no	replaces data/models/mdp_policy.npz with 24-seed pooled policy v2 (+ research scripts/validation json)	live skip/single/double policy changes (16.2% of states); deliberate policy upgrade on A/B evidence, not a fix
e75b737	2026-04-20	research	no	pyproject base deps add oci + pybaseball; uv.lock; scripts/audit_driver OCI provider	audit/research infra deps; no live logic change
1eb432d	2026-04-21	possible_fix_of_live_behaviour	yes	deploy.yml trigger push:main -> push:deploy branch; adds workflow_dispatch	deploys no longer fire on every main push; mitigates restarts interrupting live-game scorecard polling (process change)
fa1a070	2026-04-21	feature	yes	deploy.yml adds OLD_SHA capture, 30s canary (is-active x2 + curl localhost:3003), auto-rollback	new canary/rollback safeguard; its localhost probe was later wrong (dashboard binds tailnet, fixed cb7d00b)
d4dae2c	2026-04-22	possible_fix_of_live_behaviour	yes	scheduler.resolve_fallback_deadline_min (new) used by run_day fallback; sd_notify pings; check_heartbeat cron; web lock	live lock timing: <11AM ET games fall back at T-25 not T-35 (avoid early projected-lineup force-pick); no incident
4e222b4	2026-04-24	feature	no	new audit_progress.py (SSH scan of audit boxes); web /api/audit-progress route + audit_progress_response	new research-monitoring endpoint on dashboard; no existing behaviour changed
fd7a8eb	2026-04-24	feature	no	audit_progress.scan_audit_attach_procs + _cli; web passes include_audit_attach=True	follow-up to same-day endpoint (4e222b4), pre-deploy
277ed35	2026-04-24	feature	no	scorecard._slot_from_bo, _compute_lineup_status (new helpers)	new helpers for dashboard lineup-distance badges
a98f1ad	2026-04-24	feature	no	scorecard.extract_batter_pas adds lineup_status/batters_away per batter	new scorecard payload fields
9a89f5a	2026-04-24	feature	no	web._render_pa_cell signature (lineup_status, batters_away) replaces ~Nth-inning estimate; render_scorecard_section	dashboard shows real lineup distance instead of heuristic inning estimate (display enhancement)
dc64e93	2026-04-24	feature	no	web._render_pa_cell label font/colour + 'batters away' copy	cosmetic
ba5b42e	2026-04-24	feature	no	web._PLACEHOLDER_STATE_STYLES; _render_pa_cell tinted placeholder cells	cosmetic
498c5a8	2026-04-24	feature	no	predict.LGB_PARAMS adds deterministic/force_row_wise iff BTS_LGBM_DETERMINISTIC=1 (default off); backtest imports it	opt-in flag, default off = no live change
f8b4cc2	2026-04-26	test_only	no	pyproject pytest 'slow' marker; runner_factored.py comment; slow-fixture skip	test config + research-code comment only
d0eed9a	2026-04-27	feature	yes	new calibration_check.py (drift metrics, CRITICAL DM); scheduler.run_day end-of-day call wrapped in try/except	new end-of-day alerting, observation only
e74c485	2026-04-27	feature	yes	new health/ subpackage (runner.run_all_checks, alert DM dispatch, 9 checks); scheduler end-of-day calls runner	replaces same-day unshipped calibration_check call (d0eed9a); new alerting capability
2203220	2026-04-29	feature	yes	new health/pooled_training.check; runner.run_all_checks optional pooled_dir kwarg	new check, skipped when pooled_dir None
d428f54	2026-04-29	feature	yes	health/memory_growth.check adds history_path JSONL append + Tuesday INFO digest; runner passes history path	threshold alerting unchanged; adds history/digest
3c15bb7	2026-04-29	feature	yes	new health/realized_calibration.check (75-80% bucket overconfidence ladder); wired into runner	new detection for observed prod overconfidence (figures in the commit message; not repeated here); alert only, no fix
7afee63	2026-04-29	feature	no	features.compute_all_features adds batter_pitcher_shrunk_hr; FEATURE_COLS 15->16; experiment idempotency guard	deliberate model feature promotion (validated), changes live picks; not a fix
88c8582	2026-04-30	feature	yes	new health/pitcher_sparsity.check; wired into runner.run_all_checks	new alert
38e4951	2026-05-01	feature	no	pyproject/uv.lock add httpx + pydantic	deps for new leaderboard watcher
cfa59fc	2026-05-01	feature	no	new leaderboard package skeleton + endpoints.py placeholder	new code
ce960c3	2026-05-01	feature	no	leaderboard/endpoints.py filled with discovered API endpoints (+ discovery script, fixtures)	replaces 25-min-old placeholder; new code
9f44391	2026-05-01	feature	no	new leaderboard/models.py (LeaderboardRow, PickRow, SeasonStats)	new code
78c115e	2026-05-01	feature	no	new leaderboard/storage.py parquet writers/readers	new code
ee3cdde	2026-05-01	feature	no	new leaderboard/auth.py (cookie load, extract_uid, fetch_xsid)	new code
993eb38	2026-05-01	feature	no	new leaderboard/ratelimit.py rate_limited decorator	new code
aed9e4d	2026-05-01	preship_fix	no	leaderboard PickRow fields + _USER_PICKS_SCHEMA match real API	adjusts models/storage written 10 min earlier (9f44391, 78c115e), before first deploy
e6931e1	2026-05-01	feature	no	new leaderboard/scraper.py (profiles, static lookups name resolution)	new code
9b6f417	2026-05-01	feature	no	cli registers leaderboard group; new leaderboard/cli.py scrape/status/backfill	new code
00a2084	2026-05-01	preship_fix	no	leaderboard/scraper.parse_user_profile_response coerces None -> 0 for nullable fields	found by smoke run 15 min after scraper written (e6931e1), before first deploy
40d8cfd	2026-05-01	feature	no	leaderboard/auth._read_keychain_raw Linux fallback to cookie file	new platform support, pre-deploy
37ccea7	2026-05-01	feature	yes	new health/leaderboard_freshness.check (12h WARN / 36h CRITICAL)	new alert
b687826	2026-05-01	feature	yes	health/runner.run_all_checks optional leaderboard_dir -> leaderboard_freshness	wiring of new alert
a4da0d1	2026-05-01	feature	no	new leaderboard/analysis.py consensus_pick, percentile_rank	new read-only analysis
51875a4	2026-05-01	feature	no	web Handler /api/leaderboard route + _handle_api_leaderboard	new endpoint
b4cafe7	2026-05-01	feature	yes	picks.save_pick now also calls new append_lineup_evolution (try/except swallowed)	new audit side-effect on every pick save; cannot block the save
82c2ae6	2026-05-01	research	no	pyproject/uv.lock add statsmodels	dep for falsification harness (research)
605e7ce	2026-05-02	research	no	cli adds validate falsification-harness subcommand (+ scripts/run_falsification_harness.py)	research CLI
ddfb163	2026-05-03	research	no	cli falsification-harness adds --n-block-bootstrap/--expected-block-length	research CLI options
81e73ed	2026-05-03	research	no	cli falsification-harness default --profiles-glob changed to profiles_seed*_season*	research CLI default fix (1 day old, research-only)
1c1069e	2026-05-04	research	no	new validate/proper_scoring.py; validate/scorecard proper_scoring; cli scorecard display table	research evaluation suite
e982bab	2026-05-04	research	no	new validate/splits.py; scorecard --manifest mode; cli validate split commands	research validation contract
99fc20e	2026-05-04	research	no	new model/conformal.py, validate/conformal_gate.py; cli validate conformal-gate	research (not wired into live predict)
fe4faa4	2026-05-04	research	no	new validate/ope_eval.py; cli validate policy-value-eval	research
59accb1	2026-05-04	research	no	new validate/rare_event_mc_eval.py; cli validate rare-event-ce-is	research
363707b	2026-05-04	feature	yes	picks provenance fields + attach_provenance, called in run_single_check, fallback refresh, orchestrate, cli run/preview	additive provenance; _run_shadow_prediction now threads config data_dir/models_dir (defaults unchanged)
27c0b4d	2026-05-06	feature	yes	new health/postponed_pick.check (CRITICAL on unposted stale pick via classify_pick_lock_state); wired into runner	detection for the 2026-05-05 postponed-game incident class; the fix itself is elsewhere (PR #24)
c02142b	2026-05-06	research	no	simulate/quality_bins: extract _rank_pair_frame (neutral), new compute_bins_with_boundaries; exact.py/cli replay	research policy-replay tooling
193aedb	2026-05-06	research	no	simulate/pooled_policy: seed_from_path, load_seed_tagged_profiles + validators; dr_mdp_gap script	research measurement; concludes no production change
5004b1c	2026-05-08	research	no	model/predict.train_blend + run_pipeline gain opt-in blend_configs/lgb_params overrides; experiment artifacts export	experiment-only overrides; production defaults unchanged
84b8e06	2026-05-08	feature	no	new shadow_eval.py + cli shadow-backfill-results; picks.load_shadow_pick DD pitcher_team setdefault	new shadow audit tooling; loader setdefault is a no-op (Pick.pitcher_team already defaults None)
15da954	2026-05-09	feature	yes	cli check_results: --shadow-status-output + write_shadow_status_artifact (try/except) on both exits; shadow-status cmd	additive shadow monitoring artifact inside check-results; production grading unchanged
9424db7	2026-05-09	feature	no	scorecard live BIP xBA estimator (_load_live_xba_model etc., extraction restructured); web xBA strip	dashboard-only display feature
5455132	2026-05-09	feature	no	web renders xBA per PA cell, drops aggregate strip	same-day follow-up of 9424db7 (display)
f526b69	2026-05-09	feature	no	web._render_pa_cell / _render_pa_xba layout anchoring + empty xBA slot	cosmetic alignment
d4684a7	2026-05-10	research	yes	new scripts/live_forward_capture_once.py + bts-live-forward-capture.service/.timer (15-min poll)	research artifact-capture automation; reads prod pick files, never writes them
6213680	2026-05-10	preship_fix	no	live_forward_capture_once.capture_once: transient pick-JSON read error -> status 0	45 min after d4684a7, before its first deploy (research capture)
66e192b	2026-05-10	preship_fix	no	live_forward_capture_once.capture_once: manifest verify / partial-dir refusal moved before pick-file checks	25 min after first deploy of the same-day research capture script
cb0e74c	2026-05-10	preship_fix	yes	bts-live-forward-capture.timer OnBootSec/OnUnitActiveSec -> OnCalendar 05..22:00/15	same-evening fix: timer fired immediately on late-night enable against resolved pick (research unit)
6b17cc9	2026-05-11	research	yes	new scripts/live_forward_resolve_once.py + bts-live-forward-resolve.service/.timer	research artifact-resolution automation (new units)
de45604	2026-05-12	preship_fix	no	live_forward_resolve_once.verify_resolved_artifact: pick-snapshot parity required only for dates >= 2026-05-10	same-day adjustment of research resolver added 3.5h earlier (6b17cc9)
bf72736	2026-05-18	feature	no	web._format_et_eat_time/_format_updated_time (new); game/lock/footer times show ET + EAT	Kenya-time display; footer now tz-aware ET (was naive now() labelled ET, wrong only if box TZ != ET)
1c6fad6	2026-05-19	feature	yes	scheduler _pick_delivery_mode/_deliver_and_lock_pick (3 lock paths); picks.pick_was_delivered; dm DID/quote; health	new DM delivery mode; public-mode lock paths equivalent after refactor; DID pass-through defensive (cron uses a handle)
c2caf63	2026-05-22	possible_fix_of_live_behaviour	no	model/predict._lgbm_random_state (new); train_model/train_blend use it instead of hardcoded 42; evaluate/backtest too	live training now honours BTS_LGBM_RANDOM_STATE (was hardcoded 42); live picks change only if box env sets non-42
20cee9d	2026-05-23	preship_fix	yes	bts-shadow-prediction.service: EnvironmentFile now mandatory (was '-' optional), adds PATH; README	pre-enablement env reconciliation of opt-in shadow unit (43ddf0c); unit likely not yet enabled (README gate)
1479fd1	2026-05-23	feature	yes	new health/mdp_policy_alignment.check; attention.REPEATED_ATTENTION_WARN_SOURCES += source; runner wiring	new diagnostic alert only
3055644	2026-05-23	feature	yes	new health/live_forward_resolution.check; runner _repo_path + wiring; scheduler passes live_forward_resolve_status_root	new alert for research resolver stalls
23ca5a2	2026-05-23	feature	yes	new health/fallback_defer.check; runner wiring	new visibility for fallback-defer events (defer path added separately in 324c4a2)
2eff8f9	2026-05-23	feature	yes	health/alert.dispatch_dm_for_health_alerts writes sent/failed/skipped status json, ERROR log if no recipient; web banner	additive DM-delivery visibility; send path unchanged
3e4f615	2026-05-25	feature	no	picks.compute_feature_env_fingerprint (new); compute/attach_provenance + DailyPick/load_pick add feature_env fields	additive provenance fields
2890b2c	2026-05-29	possible_fix_of_live_behaviour	yes	new contest_state.load_decision_streak_state used by run_and_pick/_deliver_and_lock_pick/run/preview; allow_double	live MDP streak/saver input moves from local streak.json to contest-account state when present; stale -> no doubles
5a3a7ec	2026-05-30	research	no	simulate/mdp.transition_outcomes (new); solve_mdp values via it (same transitions); DD guardrail eval scripts	research evaluation; solver refactor is behaviour-neutral and offline
aeb73c1	2026-06-06	feature	no	leaderboard/auth.fetch_login_session + AuthSession (new); fetch_xsid now wraps it	adds account identity for 6/6 contest-state-freeze fix series; xsid path unchanged
fc56f16	2026-06-06	feature	yes	new contest_fetch.fetch_profile, derive_source_date	new contest-streak fetch producer; part of 6/6 contest-state-freeze fix series (additive)
5746144	2026-06-06	feature	yes	contest_fetch.validate_fetch, build_observation, ContestFetchError (new)	new observation builder; part of 6/6 contest-state-freeze fix series (additive)
f5b60af	2026-06-06	possible_fix_of_live_behaviour	yes	contest_state.load_contest_streak_state precedence: unexpired manual > auto > legacy/expired manual	part of 6/6 fix for contest state frozen at 7 for a week (stale manual file); auto obs now supersedes legacy manual
fa30ecb	2026-06-06	possible_fix_of_live_behaviour	yes	cli set_contest_streak writes expiring override (schema v2, 24h TTL); new fetch-contest-streak command	6/6 contest-state freeze fix: manual override can no longer freeze live picks indefinitely; auto fetch added
46c83c3	2026-06-06	preship_fix	yes	cli fetch_contest_streak: broad shape catch, rounds raise_for_status, DM cooldown only on send, identity guard	Codex review of same-day unshipped fetch series (pre-deploy)
68a35d3	2026-06-06	feature	yes	scripts/cron-setup-hetzner.sh adds 4 daily fetch-contest-streak cron lines (01:10, 02:10, 10:30, 13:30 ET)	additive cron; operationally activates the 6/6 contest-state-freeze fix (needs cron install on box)
f2b0b47	2026-06-06	feature	yes	new one-shot .github/workflows/harden-ssh.yml: sshd drop-in PasswordAuthentication no, sshd -t, reload	one-shot proactive security hardening: disabled sshd password auth on live box (no incident cited)
f16300c	2026-06-06	docs_or_config_text	yes	deletes .github/workflows/harden-ssh.yml after its successful run	cleanup of one-shot workflow
e2e40f2	2026-06-06	docs_or_config_text	yes	deploy.yml host: hardcoded IP -> secrets.HETZNER_HOST	config hygiene; deploy target unchanged
681eb8c	2026-06-06	possible_fix_of_live_behaviour	yes	cron-setup-hetzner.sh HC_PING_URL: leaked hardcoded hc-ping default removed, env var now required	fixes leaked healthchecks ping URL in public repo (check rotated to new UUID on box)
2b752be	2026-06-06	feature	no	web._format_et_time replaces _format_et_eat_time; drops EAT zone	display preference change (Kenya trip over); reverts bf72736 display
12bb0b2	2026-06-09	feature	yes	new .github/workflows/test.yml (uv sync --locked --extra model; pytest -m 'not slow' on push/PR)	new CI test capability (audit T1); no prod runtime change
1ac0b0c	2026-06-09	feature	yes	deploy.yml adds checkout + test gate before SSH deploy; workflow_dispatch skip_tests input	new deploy gate (audit T1); additive safeguard
cb7d00b	2026-06-10	preship_fix	yes	deploy.yml canary check 3 curls tailscale ip -4 (fallback 127.0.0.1) instead of localhost:3003	pairs with unshipped tailnet-bind change 63fcb67; both first deployed together 6/10 14:35Z
e9c4258	2026-06-11	feature	yes	new slate.save_slate hooked in orchestrator.run_and_pick (never raises); new health/slate_auc.check; runner wiring	new observability (M3 revisit trigger)
2598538	2026-06-11	feature	yes	new progress.py beacon (begin_run/mark/end_run/snapshot/drain_transitions)	new in-memory progress beacon for H5b
4070126	2026-06-11	feature	yes	heartbeat.HeartbeatState.STALLED + is_heartbeat_fresh returns False on it; check_heartbeat.is_stale handles 'stalled'	consumers of new state fail closed (additive); test import fix
18efce1	2026-06-11	possible_fix_of_live_behaviour	yes	heartbeat.heartbeat_watchdog: progress-aware RUNNING vs STALLED (900s), sd_notify always, durations jsonl	watchdog pulse wrote RUNNING unconditionally, masking wedged cascades (audit H5 latent gap, no incident cited)
883f0eb	2026-06-12	feature	yes	progress.mark in run_pipeline/train_blend/run_and_pick; scheduler watchdog calls pass kind/stall_after/durations	wiring for same-night 18efce1 (deployed together)
4c2b328	2026-06-12	research	no	new data/swing_pull.py (Statcast swing bronze pull)	swing campaign research; not used by live path
1d395e5	2026-06-12	research	no	new features/swing.py (swing_daily aggregates, shift(1) rolling)	swing campaign research; only experiment/swing_screen consumes it
8df3784	2026-06-12	research	no	features/swing bunt exclusion to match Savant swing definition; qa script	same-day fix to research-only code (1d395e5)
388c4c3	2026-06-12	research	no	features/swing adds intercept-y + attack-std aggregates	research
1ba01c4	2026-06-12	research	no	experiment/swing_screen restructure; features/swing; screen scripts	research
a9522a4	2026-06-17	preship_fix	yes	contest_state saver proxy limited to fresh path; fromisoformat guards in _resolved_pick_dates/_has_unconfirmed_miss	Codex review of same-day unshipped 2b4ff1d (6/17 inflation fix); guard also hardens live code vs invalid ISO names
7f9270c	2026-06-17	feature	yes	cli fetch_contest_streak appends per-round ledger row to account_state/contest_ledger.jsonl after successful write	new append-only ledger capture
aa2efa0	2026-06-17	feature	no	web._streak_subtitle shows lagged/stale confidence labels + Replay N note	display follow-up to same-day 2b4ff1d status values
da71149	2026-06-17	refactor	no	strategy: _mdp_action -> _mdp_action_from; new DecisionContext + decide_action; select_pick builds ctx	behaviour-neutral extraction (Codex-verified equivalence)
22a40f2	2026-06-17	feature	yes	new contest_ledger.parse_latest_ledger / LedgerRound (per-round pre/post streak, DD, stability)	foundation for saver inference; no production wiring in this commit
810d7e0	2026-06-17	possible_fix_of_live_behaviour	yes	contest_state.load_decision_streak_state saver: model-saver proxy -> contest_ledger.infer_saver(ledger, best)	replaces live model-saver proxy (6/10-6/18) w/ ledger inference; never live alone, superseded by 815cf50 same deploy
9c59ac4	2026-06-18	feature	yes	new saver_state.py: SaverState model + load_saver_state (uninitialized fail-closed, season-scoped)	new manual saver-flag authority (same-day series)
645b90f	2026-06-18	feature	yes	saver_state.transition_saver_state (whitelist + force) + maybe_auto_earn_saver (new)	new guarded transitions
815cf50	2026-06-18	possible_fix_of_live_behaviour	yes	contest_state.load_decision_streak_state saver from saver_state.json (contest + model-only); infer_saver retired	net 6/18 live change: MDP saver input moves from model-saver proxy to manual saver flag (unsound inference replaced)
3e4c6e6	2026-06-18	feature	yes	cli set_contest_streak ignores --saver-available + auto-earn; fetch_contest_streak calls maybe_auto_earn_saver	saver-flag auto-earn wiring (same unshipped 6/18 series)
e311b3b	2026-06-18	feature	yes	new cli saver-state command (show/init/use/undo, guarded --init/--force)	new operator CLI for saver flag
bf6ccae	2026-06-18	preship_fix	yes	contest_ledger: infer_saver removed, new likely_save (dashboard nudge only)	retires unsound infer_saver from 810d7e0 before it ever deployed (same 6/18 deploy)
3dc8c62	2026-06-18	feature	yes	web: SaverDashboardContext, saver_transition_response, _same_origin, render_saver_section, do_POST /saver/transition	new dashboard saver controls that write saver_state (same unshipped series)
af33e76	2026-06-18	feature	yes	health/contest_state.check WARN when saver flag uninitialized/stale-season in 10-15 zone	new alert
889eeed	2026-06-18	preship_fix	yes	saver_state loader fail-closed on bad shapes; transition_saver_state fcntl lock; web POST restricted/hardened	final Codex review of same-day unshipped saver series, committed 2 min before its first deploy
e9870fa	2026-06-18	preship_fix	no	web: CSS/classes for saver section (badges, buttons, nudge/warning colours)	same-day: saver section deployed ~2h earlier rendered dark-on-navy (invisible); display-only
d73face	2026-06-21	feature	yes	select_pick skip marker (best-effort, scheduler opt-in); new skip_policy_shadow.py; cli; web; 23:30 cron	new counterfactual skip-policy shadow; pick path unaffected; notes deferred check-results #144 bug (fixed elsewhere)
2b2b120	2026-06-21	feature	yes	new daily_decision.py: write_decision (best-effort atomic), load_decision, decision_path	new decision.json record; foundation of the #144 fix series (scoreable gate)
c24cab1	2026-06-21	refactor	yes	select_pick returns SelectionResult; decide_action returns (action, source); callers unwrap .pick_result	behaviour-neutral for live picks; removes same-series unshipped marker path (d73face)
341ea41	2026-06-22	refactor	no	skip_policy_shadow: skip_decision.json marker -> decision.json (record_skip_from_decision); cli update cmd	redesign of same-series unshipped shadow (d73face), deployed together 6/23
fffb2cb	2026-06-22	preship_fix	yes	scheduler._deliver_and_lock_pick wraps _write_commit_decision in try/except; drops pitcher_name from candidate dicts	isolates same-series unshipped decision-record write (d929479) from delivery before its first deploy
b0877fd	2026-06-22	feature	yes	daily_decision.is_scoreable_commit (new): decision.scoreable else pick_was_delivered fallback	shared scoreable predicate for the #144 fix series (unshipped until 6/23)
f1539c1	2026-06-22	preship_fix	yes	daily_decision.load_decision returns None for non-dict / wrong schema_version	shape guard on same-series unshipped reader (2b2b120)
add1b3f	2026-06-22	preship_fix	yes	scheduler FinalizationState -> persisted SchedulerState fields; carry_forward_skip_state; EOD skip overwrite-guard	hardens same-series unshipped decision-record code (d929479) across restarts; all first deployed 6/23 01:35Z
ffc9e2b	2026-06-22	refactor	yes	cli check_results scoreable gate -> daily_decision.is_scoreable_commit	DRY of same-series unshipped #144 gate (d6ae318); corrupt record now falls back to delivered check
5fa36c3	2026-06-22	possible_fix_of_live_behaviour	yes	scheduler._refresh_is_genuine_pick; fallback sites + run_day clear final_skip_candidate+skip_summary; load_decision	mostly pre-deploy fixes of same-series 62cfe4e/7bd2934; also clears live skip_summary (since 9dc8ee4) on skip->pick flip
494f1d2	2026-06-23	feature	no	web: player-name links to MLB.com game logs (hero, history, scorecard); names HTML-escaped	new dashboard links
793a093	2026-06-30	feature	no	build.parse_game_feed is_resumed_portion; filter_out_resumed_portion/read_pa_for_bts_scoring; PA schema bump	foundation for suspended-game scoring fix (scorers wired in separate commits); bumps PA schema version used by data/sync
63fd1d0	2026-06-30	possible_fix_of_live_behaviour	no	skip_policy_shadow.make_hit_checker uses check_hit(return_status=True) -> 'hit'/'miss'/'void'	skip-shadow monitor (deployed 6/23) recorded suspended-game no-PA as miss, now void (6/30 suspended-game series)
598a40b	2026-07-02	refactor	no	leaderboard cli/scraper: datetime.utcnow() -> datetime.now(timezone.utc).replace(tzinfo=None)	behaviour-neutral (same naive-UTC values), removes deprecation warning
af8fb30	2026-07-03	feature	no	leaderboard deep active-streak pagination, profile_top_n, new static_capture.py, user_id, consensus mtime filter	research-data capture expansion (raises authenticated scrape footprint; capped same night in 86e3026)
a57bb77	2026-07-04	feature	yes	browser_headers/UA (also contest_fetch/auth), ratelimit jitter, 403/429 RateLimitedError kill-switch+DM, completeness	account-safety hardening of live scraper/contest fetch identity, same night as deep-pagination deploy; no 403/ban cited
df15eb0	2026-07-04	preship_fix	yes	check_pick_entered: dedup terminal-only, 'alerted' only after DM sent else dm_failed; identity-verified entry	v2 cron wired ~1h earlier (720651a, no game window since); v1 cron was disabled 6/12 (2d68102); adds identity check
86e3026	2026-07-04	preship_fix	no	leaderboard/scraper.run: profile_order capped to profile_top_n total	same night as deep-pagination deploy (af8fb30, ~1h earlier); smoke scrape showed ~600-profile footprint on real account
540b1ab	2026-07-06	possible_fix_of_live_behaviour	yes	cli.check_pick_entered window guard 0<=min<=window -> 5<=min<=window (submit_cutoff_min hoisted)	lower bound 0 live in v2 cron 7/4-7/6 (v1 cron disabled 6/12): could nag in un-submittable final 5 min
4e19193	2026-07-07	feature	no	new features/park_drag.py; compute_all_features attaches park_drag_delta; predict serving fill; hashed shadow cache	shadow-only context feature; production FEATURE_COLS untouched (loader runs in prod path but never raises)
d292614	2026-07-07	preship_fix	no	park_drag cached get_table/coverage guard; shadow hash adds artifact fingerprint; shadow_model_version stamp/filter	Codex review of same-night unshipped park_drag shadow feature (4e19193); all deployed together 7/8 04:35Z
ac788e3	2026-07-08	preship_fix	no	stamp_shadow_version at creation only; park_drag pinned-artifact decorators; shadow-report version filter	Codex round-2 of same unshipped park_drag shadow feature, deployed together 7/8 04:35Z
115c0cf	2026-07-08	feature	yes	new features/park_drag_producer.py + cli park-drag-refresh; health/park_drag_freshness + runner; 07:45 cron line	arming of shadow feature (new producer/cron/health source)
e5ef7ca	2026-07-09	possible_fix_of_live_behaviour	yes	check_pick_entered present_unverified non-terminal; pick_entry_status missing slot=mismatch; OSError propagates	mostly review of unshipped 7/9 batch; fixes live (since 7/4) entry check: unverified=confirmed, missing DD masked
1010924	2026-07-09	docs_or_config_text	yes	deploy.yml/test.yml: checkout + setup-uv pinned to commit SHAs; deploy.yml permissions contents: read	proactive CI supply-chain hardening (review F11); deploy behaviour unchanged
78c424a	2026-07-10	feature	yes	new data/backup.py + backup_cli (restic ops/archive/prune/drill); health/backup_freshness; 3 cron lines	new backup capability (audit F5)
950fb80	2026-07-10	feature	yes	saver_state._append_audit (new) on every transition attempt; transition_saver_state peer kwarg; web passes client IP	new append-only audit trail (audit F7 accepted risk)
16ff24d	2026-07-10	preship_fix	yes	data/backup.run_backup catches TimeoutExpired for backup + forget, writes failed status	same-day fix to unshipped restic backup (78c424a), before first deploy
ea73b78	2026-07-10	preship_fix	yes	backup roots/flock/drill; sync prev-manifest + NotFound; saver audit flock; _should_defer_at_fallback; checkpoints	review of same-day unshipped backburner batch (F2 gate, F5, F7, F8); R2Client NotFound tweak is defensive/latent
9381a97	2026-07-10	feature	yes	new one-shot .github/workflows/rotate-root-key.yml (append new deploy pubkey to root authorized_keys)	proactive root deploy-key rotation (audit secret scoping); no incident cited
934b2f3	2026-07-10	feature	yes	deploy.yml job gains environment: production (root key scoped to deploy branch)	secret-scoping gate; workflow_dispatch must now select deploy branch
092230b	2026-07-10	docs_or_config_text	yes	deletes one-shot rotate-root-key.yml after use (old key revoked)	cleanup
09552b1	2026-07-10	preship_fix	no	skip_policy_shadow.prune_superseded age fence > -> >= CHECKPOINT_ELIGIBLE_AFTER_DAYS	same-day boundary fix of the 7/10 age fence (review round 3); skip-shadow monitor only
0b25484	2026-07-10	feature	no	skip_policy_shadow.find_aged_contradictions (new) -> status counts; skip-policy-shadow-status prints them	new operator signal
d960958	2026-07-10	preship_fix	no	data/sync.sync_to_r2: failed prev-manifest copy now raises (abort before publish) instead of warn	same-day: round-2 (ea73b78) claimed fail-closed without the edit; R2 artifact sync
30452eb	2026-07-10	possible_fix_of_live_behaviour	yes	deploy.yml resets to github.sha (TARGET_SHA) not origin/deploy; backup flock carry; unit_drift symlink; shadow	latent deploy race: in-flight run could ship a later untested commit (review finding); rest same-day review
64f0ffb	2026-08-09	refactor	yes	deletes unused health/shadow_resolution.py (+ test)	dead module accidentally committed alongside result_resolution; nothing imported it
734bdb3	2026-08-30	refactor	yes	picks.SUBMISSION_CUTOFF_MIN, earliest_pick_game_et, submission_cutoff_et (new); scheduler/cli/pick_entry use them	behaviour-neutral consolidation; prep for 8/30 late-pick incident fix series (guard in ac0ce8d)
fa977c3	2026-08-30	possible_fix_of_live_behaviour	yes	scheduler._games_past_cutoff -> unavailable_game_pks via checks/fallback; select_pick drops those games, reselects	8/30 late-pick incident: live selection could re-pick an already-unenterable (first pitch - 5) game
a681e89	2026-08-30	refactor	yes	scheduler.LockDecision (block_reason, contender_game_pk) returned by _lock_decision_from_predictions	behaviour-neutral restructuring feeding the 8/30 fallback planner
32057b7	2026-08-30	feature	yes	scheduler.plan_fallback_action/FallbackPlan, effective_cascade_budget_min, _fallback_min_with_floor (pure)	8/30 late-pick incident fix series: planner added pure; wired into the live loop by 67338cd
3697512	2026-08-30	possible_fix_of_live_behaviour	yes	run_single_check archives undelivered past-cutoff pick (F5); locked_unconfirmed pages CRITICAL (F2); send recheck	mostly round-2 of unshipped 8/30 series; F5: undelivered preview in started game stranded the day; F2 was silent
2ff2db9	2026-08-30	preship_fix	yes	run_single_check: scoreable-decision check before past-cutoff archive; archive skips delivery_attempted picks	rebase-order fix of F5 archive added minutes earlier (3697512), before the 8/30 series first deployed
155f1e7	2026-09-14	research	yes	live_forward_capture_once --capture-research-on-skip (separate root, sidecar); optional pick snapshot; unit flag	research-only D8 forecast capture on skip days; official stream/decision/delivery untouched (flag off byte-identical)
c45222b	2026-09-22	research	no	scraper fail-closed parse_leaderboard_response + validate_profile_envelope; SeasonStats.user_id; auth post hook	season-wrap bounded final-grab data capture (C-01 semantics); scrape timer disabled since 7/4, no live consumer
2a20f40	2026-09-22	preship_fix	no	scraper.validate_profile_envelope slot-key checks + unresolved counts; final_leaderboard_grab.py fixes	Codex round 1 on same-day unshipped final-grab code, before first deploy/run
1fb8461	2026-09-22	preship_fix	no	scraper.validate_profile_envelope unresolved_reasons classes (+ grab gzip-safe login, census metadata, scrubbing)	Codex round 2 on same-day unshipped final-grab code
