mutant	file	tests	selector	result	pytest_rc	tree_after_restore	first_failure
M1 allowance source not Eric	scripts/audit/c2_framing/f26.py	tests/scripts/c2_framing/test_f26_run.py	allowance	KILLED	1	clean	tests/scripts/c2_framing/test_f26_run.py::test_the_run_needs_erics_exact_allowance_with_the_launchers_cap[| C2-framing-2026-allowance | the allowance | **RULED 2026-10-09 (Eric): ALLOW the catcher framing 2026 test; shared C1/C2 compute cap 165 CPU-hours; declared budget 12 CPU-hours per seed; first
M2 allowance cap not the launcher's	scripts/audit/c2_framing/f26.py	tests/scripts/c2_framing/test_f26_run.py	allowance	KILLED	1	clean	tests/scripts/c2_framing/test_f26_run.py::test_the_run_needs_erics_exact_allowance_with_the_launchers_cap[| C2-framing-2026-allowance | the allowance | **RULED 2026-10-09 (Eric): ALLOW the catcher framing 2026 test; shared C1/C2 compute cap 999 CPU-hours; declared budget 12 CPU-hours per seed; first
M3 seed order skipped	scripts/audit/c2_framing/f26.py	tests/scripts/c2_framing/test_f26_run.py	one_at_a_time	KILLED	1	clean	tests/scripts/c2_framing/test_f26_run.py::test_seeds_run_one_at_a_time_in_order | E       Failed: DID NOT RAISE <class 'SystemExit'>
M4 run's window refusal removed	scripts/audit/c2_framing/f26.py	tests/scripts/c2_framing/test_f26_run.py	refuses_inside_the_window	KILLED	1	clean	tests/scripts/c2_framing/test_f26_run.py::test_the_run_refuses_inside_the_window | E       Failed: DID NOT RAISE <class 'SystemExit'>
M5 first-unit stop removed	scripts/audit/c2_framing/f26.py	tests/scripts/c2_framing/test_f26_run.py	expensive	KILLED	1	clean	tests/scripts/c2_framing/test_f26_run.py::test_an_expensive_baseline_walk_forward_stops_the_run | E       AssertionError: assert 0 == 3
M6 manifest calendar unchecked	scripts/audit/c2_framing/f26.py	tests/scripts/c2_framing/test_f26_run.py	inconsistent_records or another_calendar	KILLED	1	clean	tests/scripts/c2_framing/test_f26_run.py::test_validate_run_refuses_inconsistent_records[manifest.json-<lambda>-calendar] | E       Failed: DID NOT RAISE <class 'scripts.audit.c2_framing.screen.RunInvalid'>
M7 rank-1 calendar unchecked	scripts/audit/c2_framing/f26.py	tests/scripts/c2_framing/test_f26_run.py	damaged_evidence or aggregate_rederives	KILLED	1	clean	tests/scripts/c2_framing/test_f26_run.py::test_validate_run_refuses_damaged_evidence[<lambda>-calendar|scorecard0] | E       KeyError: '2026-05-01'
M8 as-of admits the same date	scripts/audit/c2_framing/f26.py	tests/scripts/c2_framing/test_f26_rules.py	doubleheader or framing_by	KILLED	1	clean	tests/scripts/c2_framing/test_f26_rules.py::test_the_as_of_value_equals_framing_by_for_a_catcher_who_caught_that_day | E           assert ((True and False) or 0.31914779304861207 == nan)
M9 fielding side swapped	scripts/audit/c2_framing/f26.py	tests/scripts/c2_framing/test_f26_rules.py	posted_arm or projected_arm	KILLED	1	clean	tests/scripts/c2_framing/test_f26_rules.py::test_the_posted_arm_names_the_opposing_sides_proxy | E       assert [nan, nan] == approx([0.4 ±....4 ± 4.0e-07])
M10 projection admits same-day games	scripts/audit/c2_framing/f26.py	tests/scripts/c2_framing/test_f26_rules.py	same_day	KILLED	1	clean	tests/scripts/c2_framing/test_f26_rules.py::test_same_day_games_never_enter_history_and_ties_go_to_the_latest_start | E       AssertionError: assert 50 == 60
M11 unknowns dropped before the window	scripts/audit/c2_framing/f26.py	tests/scripts/c2_framing/test_f26_rules.py	window_is_taken_first	KILLED	1	clean	tests/scripts/c2_framing/test_f26_rules.py::test_the_window_is_taken_first_then_unknowns_are_ignored | E       AssertionError: assert 50 is None
M12 L = 0 passes	scripts/audit/c2_framing/f26.py	tests/scripts/c2_framing/test_f26_rules.py	exactly_zero	KILLED	1	clean	tests/scripts/c2_framing/test_f26_rules.py::test_an_l_of_exactly_zero_is_not_positive_even_with_the_size_and_the_seeds | E       AssertionError: assert 'positive' == 'inconclusive'
M13 any C entry counts	scripts/audit/c2_framing/f26.py	tests/scripts/c2_framing/test_f26_rules.py	moved_to_catcher	KILLED	1	clean	tests/scripts/c2_framing/test_f26_rules.py::test_a_starter_who_moved_to_catcher_later_is_not_the_proxy_and_order_is_the_arrays | E       assert (102 is None)
M14 pins row binds other pins	scripts/audit/c2_framing/f26.py	tests/scripts/c2_framing/test_f26_run.py	inputs_row	KILLED	1	clean	tests/scripts/c2_framing/test_f26_run.py::test_the_inputs_row_binds_the_pins_after_the_exposure_commit | E       TypeError: argument of type 'NoneType' is not iterable
M15 resumed flag unchecked	scripts/audit/c2_framing/f26.py	tests/scripts/c2_framing/test_f26_rules.py	resumed_flag	KILLED	1	clean	tests/scripts/c2_framing/test_f26_rules.py::test_the_calendar_refuses_an_absent_or_malformed_resumed_flag[flag1] | E       Failed: DID NOT RAISE <class 'scripts.audit.c2_framing.f26.InputRefused'>
M16 hook result ignored	src/bts/simulate/backtest_blend.py	tests/scripts/c2_framing/test_f26_hook.py	override_reaches	KILLED	1	clean	tests/scripts/c2_framing/test_f26_hook.py::test_the_override_reaches_the_starter_and_the_reliever_predictions | E       AssertionError: assert [0.6336426225...45128333, ...] == approx([0.995...45 ± 9.9e-07])
M17 strict mode ignored	src/bts/simulate/backtest_blend.py	tests/scripts/c2_framing/test_f26_hook.py	strict	KILLED	1	clean	tests/scripts/c2_framing/test_f26_hook.py::test_a_prediction_failure_is_scored_missing_by_default_and_raised_when_strict | E       Failed: DID NOT RAISE <class 'RuntimeError'>
M18 hook shape unchecked	src/bts/simulate/backtest_blend.py	tests/scripts/c2_framing/test_f26_hook.py	shape	KILLED	1	clean	tests/scripts/c2_framing/test_f26_hook.py::test_a_transform_that_changes_the_frames_shape_is_refused[drop_row] | E       Failed: DID NOT RAISE <class 'ValueError'>
M19 preparation scans unpinned feeds	scripts/audit/c2_framing/f26.py	tests/scripts/c2_framing/test_f26_run.py	no_unpinned	KILLED	1	clean	tests/scripts/c2_framing/test_f26_run.py::test_prepare_reads_no_unpinned_feed | E           json.decoder.JSONDecodeError: Expecting value: line 1 column 1 (char 0)
M20 run not strict	scripts/audit/c2_framing/f26.py	tests/scripts/c2_framing/test_f26_run.py	end_to_end	KILLED	1	clean	tests/scripts/c2_framing/test_f26_run.py::test_run_end_to_end - assert... | E       assert False
M21 units.json not reconciled	scripts/audit/c2_framing/f26.py	tests/scripts/c2_framing/test_f26_run.py	units_file_that_differs	KILLED	1	clean	tests/scripts/c2_framing/test_f26_run.py::test_validation_refuses_a_units_file_that_differs_from_the_results | E       Failed: DID NOT RAISE <class 'scripts.audit.c2_framing.screen.RunInvalid'>
M22 seed count unchecked	scripts/audit/c2_framing/f26.py	tests/scripts/c2_framing/test_f26_rules.py	anything_but_ten	KILLED	1	clean	tests/scripts/c2_framing/test_f26_rules.py::test_anything_but_ten_seeds_over_a_nonempty_calendar_is_incomplete[shape0] | E       AssertionError: assert 'negative' == 'incomplete'
M24 prep row may predate X-37	scripts/audit/c2_framing/f26.py	tests/scripts/c2_framing/test_f26_run.py	preparation_read or inputs_row	KILLED	1	clean	tests/scripts/c2_framing/test_f26_run.py::test_the_inputs_row_binds_the_pins_after_the_exposure_commit | E       TypeError: argument of type 'NoneType' is not iterable
M25 strict day scores unchecked	src/bts/simulate/backtest_blend.py	tests/scripts/c2_framing/test_f26_hook.py	missing_scores or missing_a_row	KILLED	1	clean	tests/scripts/c2_framing/test_f26_hook.py::test_strict_mode_refuses_a_model_that_returns_missing_scores | E       Failed: DID NOT RAISE <class 'ValueError'>
M26 F1 reliever scores unchecked	src/bts/simulate/backtest_blend.py	tests/scripts/c2_framing/test_f26_hook.py	reliever_score or wrong_length	KILLED	1	clean	tests/scripts/c2_framing/test_f26_hook.py::test_strict_mode_refuses_a_non_finite_reliever_score | E       Failed: DID NOT RAISE <class 'ValueError'>
M27 F1 score index unchecked	src/bts/simulate/backtest_blend.py	tests/scripts/c2_framing/test_f26_hook.py	missing_a_row	KILLED	1	clean	tests/scripts/c2_framing/test_f26_hook.py::test_strict_mode_refuses_a_score_series_missing_a_row | E       Failed: DID NOT RAISE <class 'ValueError'>
M28 F1 score length unchecked	src/bts/simulate/backtest_blend.py	tests/scripts/c2_framing/test_f26_hook.py	wrong_length	SURVIVED	0	clean	
M29 F2 label unchecked	scripts/audit/c2_framing/f26.py	tests/scripts/c2_framing/test_f26_run.py	coherently_wrong	KILLED	1	clean	tests/scripts/c2_framing/test_f26_run.py::test_validation_refuses_coherently_wrong_profiles[<lambda>-label] | E       Failed: DID NOT RAISE <class 'scripts.audit.c2_framing.screen.RunInvalid'>
M30 F2 batter-game date unchecked	scripts/audit/c2_framing/f26.py	tests/scripts/c2_framing/test_f26_run.py	coherently_wrong	SURVIVED	0	clean	
M31 F2 basis unchecked	scripts/audit/c2_framing/f26.py	tests/scripts/c2_framing/test_f26_run.py	coherently_wrong	KILLED	1	clean	tests/scripts/c2_framing/test_f26_run.py::test_validation_refuses_coherently_wrong_profiles[<lambda>-basis] | E       Failed: DID NOT RAISE <class 'scripts.audit.c2_framing.screen.RunInvalid'>
M32 F2 ten-row cap unchecked	scripts/audit/c2_framing/f26.py	tests/scripts/c2_framing/test_f26_run.py	coherently_wrong	SURVIVED	0	clean	
M33 F2 duplicate batter-game allowed	scripts/audit/c2_framing/f26.py	tests/scripts/c2_framing/test_f26_run.py	coherently_wrong	SURVIVED	0	clean	
M34 F3 catcher not re-derived	scripts/audit/c2_framing/f26.py	tests/scripts/c2_framing/test_f26_run.py	rederives_the_catcher	KILLED	1	clean	tests/scripts/c2_framing/test_f26_run.py::test_validation_rederives_the_catcher_evidence[A_posted-<lambda>-catcher] | E       Failed: DID NOT RAISE <class 'scripts.audit.c2_framing.screen.RunInvalid'>
M35 F3 side-games not re-derived	scripts/audit/c2_framing/f26.py	tests/scripts/c2_framing/test_f26_run.py	rederives_the_catcher	KILLED	1	clean	tests/scripts/c2_framing/test_f26_run.py::test_validation_rederives_the_catcher_evidence[A_posted-<lambda>-side-games0] | E               scripts.audit.c2_framing.screen.RunInvalid: /private/var/folders/pb/9cjvyndj5plf63cdndwlj1gc0000gn/T/pytest-of-eric/pytest-12294/test_validation_rederives_the_2/o
M36 F3 counts unchecked	scripts/audit/c2_framing/f26.py	tests/scripts/c2_framing/test_f26_run.py	count_says_otherwise or recorded_counts	SURVIVED	0	clean	
M37 F3 identified ids unchecked	scripts/audit/c2_framing/f26.py	tests/scripts/c2_framing/test_f26_run.py	recorded_counts	SURVIVED	0	clean	
M38 F3 empty posted coverage allowed	scripts/audit/c2_framing/f26.py	tests/scripts/c2_framing/test_f26_run.py	count_says_otherwise	KILLED	1	clean	tests/scripts/c2_framing/test_f26_run.py::test_a_posted_arm_with_no_identified_catcher_is_refused_even_if_its_count_says_otherwise | E       Failed: DID NOT RAISE <class 'scripts.audit.c2_framing.screen.RunInvalid'>
M39 F3 values not recomputed	scripts/audit/c2_framing/f26.py	tests/scripts/c2_framing/test_f26_run.py	recomputes_every	KILLED	1	clean	tests/scripts/c2_framing/test_f26_run.py::test_the_aggregate_recomputes_every_catcher_value | E       Failed: DID NOT RAISE <class 'scripts.audit.c2_framing.screen.RunInvalid'>
M40 F3 evidence agreement unchecked	scripts/audit/c2_framing/f26.py	tests/scripts/c2_framing/test_f26_run.py	evidence_differs	KILLED	1	clean	tests/scripts/c2_framing/test_f26_run.py::test_the_aggregate_refuses_runs_whose_catcher_evidence_differs | E       Failed: DID NOT RAISE <class 'scripts.audit.c2_framing.screen.RunInvalid'>
M41 F4 pre-2019 catcher ids allowed	scripts/audit/c2_framing/f26.py	tests/scripts/c2_framing/test_f26_rules.py tests/scripts/c2_framing/test_f26_run.py	before_2019 or pre_2019	KILLED	1	clean	tests/scripts/c2_framing/test_f26_rules.py::test_a_catcher_id_before_2019_refuses | E       Failed: DID NOT RAISE <class 'scripts.audit.c2_framing.f26.InputRefused'>
M42 F5 prepare's row gate removed	scripts/audit/c2_framing/f26.py	tests/scripts/c2_framing/test_f26_run.py	preparation_function or prepare_command	KILLED	1	clean	tests/scripts/c2_framing/test_f26_run.py::test_the_prepare_command_refuses_without_the_row_and_before_reading_anything | E       FileNotFoundError: [Errno 2] No such file or directory: '/private/var/folders/pb/9cjvyndj5plf63cdndwlj1gc0000gn/T/pytest-of-eric/pytest-12300/test_the_prepare_command_refu
M43 F5 declared paths unchecked	scripts/audit/c2_framing/f26.py	tests/scripts/c2_framing/test_f26_run.py	declared_ones	KILLED	1	clean	tests/scripts/c2_framing/test_f26_run.py::test_the_preparation_refuses_any_path_but_the_declared_ones[data] | E       FileNotFoundError: [Errno 2] No such file or directory: '/private/var/folders/pb/9cjvyndj5plf63cdndwlj1gc0000gn/T/pytest-of-eric/pytest-12301/test_the_preparation_refuses_a0/other_da
M44 F5 historical pins unchecked	scripts/audit/c2_framing/f26.py	tests/scripts/c2_framing/test_f26_run.py	historical_pins	KILLED	1	clean	tests/scripts/c2_framing/test_f26_run.py::test_historical_pins_must_be_the_screens | E       TypeError: argument of type 'NoneType' is not iterable
M45 F5 source set unchecked	scripts/audit/c2_framing/f26.py	tests/scripts/c2_framing/test_f26_run.py	source_manifest	SURVIVED	0	clean	
M46 F5 table coverage unchecked	scripts/audit/c2_framing/f26.py	tests/scripts/c2_framing/test_f26_run.py	cover_exactly	KILLED	1	clean	tests/scripts/c2_framing/test_f26_run.py::test_the_table_must_cover_exactly_the_pinned_games | E       assert None is not None
M47 F6 launcher receipt unchecked	scripts/audit/c2_framing/f26.py	tests/scripts/c2_framing/test_f26_run.py	clean_launcher_receipt or clean_receipt	KILLED	1	clean	tests/scripts/c2_framing/test_f26_run.py::test_validate_run_binds_the_run_to_its_clean_launcher_receipt[<lambda>-TERMINAL0] | E       Failed: DID NOT RAISE <class 'scripts.audit.c2_framing.screen.RunInvalid'>
M48 F6 nonzero rc accepted	scripts/audit/c2_framing/f26.py	tests/scripts/c2_framing/test_f26_run.py	clean_launcher_receipt	KILLED	1	clean	tests/scripts/c2_framing/test_f26_run.py::test_validate_run_binds_the_run_to_its_clean_launcher_receipt[<lambda>-TERMINAL1] | E       Failed: DID NOT RAISE <class 'scripts.audit.c2_framing.screen.RunInvalid'>
M49 F6 CPU bound unchecked	scripts/audit/c2_framing/f26.py	tests/scripts/c2_framing/test_f26_run.py	clean_launcher_receipt	KILLED	1	clean	tests/scripts/c2_framing/test_f26_run.py::test_validate_run_binds_the_run_to_its_clean_launcher_receipt[<lambda>-CPU1] | E       Failed: DID NOT RAISE <class 'scripts.audit.c2_framing.screen.RunInvalid'>
M50 F6 already-run seed launched	scripts/audit/c2_framing/f26.py	tests/scripts/c2_framing/test_f26_run.py	already_has_a_run	KILLED	1	clean	tests/scripts/c2_framing/test_f26_run.py::test_launch_refuses_a_seed_that_already_has_a_run_before_issuing_a_command | E       Failed: DID NOT RAISE <class 'SystemExit'>
M51 F7 batters' positions optional	scripts/audit/c2_framing/f26.py	tests/scripts/c2_framing/test_f26_rules.py	malformed_non_starting	KILLED	1	clean	tests/scripts/c2_framing/test_f26_rules.py::test_a_malformed_non_starting_record_makes_the_side_unidentified[sub1-malformed_positions] | E       assert (102 is None)
M52 F7 non-starters' ids unchecked	scripts/audit/c2_framing/f26.py	tests/scripts/c2_framing/test_f26_rules.py	malformed_non_starting	KILLED	1	clean	tests/scripts/c2_framing/test_f26_rules.py::test_a_malformed_non_starting_record_makes_the_side_unidentified[sub0-malformed_player] | E       AssertionError: assert (None is None and 'malformed_positions' == 'malformed_player'
M53 F7 PA game ids coerced	scripts/audit/c2_framing/f26.py	tests/scripts/c2_framing/test_f26_rules.py	exact_positive	KILLED	1	clean	tests/scripts/c2_framing/test_f26_rules.py::test_pa_game_ids_must_be_exact_positive_integers[ids0] | E       Failed: DID NOT RAISE <class 'scripts.audit.c2_framing.f26.InputRefused'>
M54 F7 table records unchecked	scripts/audit/c2_framing/f26.py	tests/scripts/c2_framing/test_f26_rules.py	inconsistent_table	KILLED	1	clean	tests/scripts/c2_framing/test_f26_rules.py::test_a_malformed_or_inconsistent_table_refuses[<lambda>0] | E       Failed: DID NOT RAISE <class 'scripts.audit.c2_framing.f26.InputRefused'>
M55 F7 table sides unchecked	scripts/audit/c2_framing/f26.py	tests/scripts/c2_framing/test_f26_rules.py	inconsistent_table	KILLED	1	clean	tests/scripts/c2_framing/test_f26_rules.py::test_a_malformed_or_inconsistent_table_refuses[<lambda>17] | E           IndexError: list index out of range
M56 five rates become four	scripts/audit/c2_framing/f26.py	tests/scripts/c2_framing/test_f26_rules.py	five_nonmissing or framing_by	KILLED	1	clean	tests/scripts/c2_framing/test_f26_rules.py::test_the_as_of_value_equals_framing_by_for_a_catcher_who_caught_that_day | E           assert ((True and False) or 0.3403687465071046 == nan)
M57 a tenth slot	scripts/audit/c2_framing/f26.py	tests/scripts/c2_framing/test_f26_rules.py	canonical_slot	SURVIVED	0	clean	
M58 tie goes to the earlier start	scripts/audit/c2_framing/f26.py	tests/scripts/c2_framing/test_f26_rules.py	tie	KILLED	1	clean	tests/scripts/c2_framing/test_f26_rules.py::test_same_day_games_never_enter_history_and_ties_go_to_the_latest_start | E       AssertionError: assert 50 == 60
M59 another generator seed	scripts/audit/c2_framing/f26.py	tests/scripts/c2_framing/test_f26_rules.py	disposition_quantities or block_resampling	SURVIVED	0	clean	
M60 another quantile method	scripts/audit/c2_framing/f26.py	tests/scripts/c2_framing/test_f26_rules.py	disposition_quantities or block_resampling	SURVIVED	0	clean	
M61 five seeds suffice	scripts/audit/c2_framing/f26.py	tests/scripts/c2_framing/test_f26_rules.py	six_positive	KILLED	1	clean	tests/scripts/c2_framing/test_f26_rules.py::test_positive_needs_the_practical_size_a_positive_l_and_six_positive_seeds | E       AssertionError: assert 'positive' == 'inconclusive'
M62 zero seeds count positive	scripts/audit/c2_framing/f26.py	tests/scripts/c2_framing/test_f26_rules.py	zero_seed	KILLED	1	clean	tests/scripts/c2_framing/test_f26_rules.py::test_a_zero_seed_delta_does_not_count_toward_the_six | E       assert (0.1 > 0.003 and 0.075 > 0 and 10 == 5)
M63 non-finite deltas allowed	scripts/audit/c2_framing/f26.py	tests/scripts/c2_framing/test_f26_rules.py	non_finite	KILLED	1	clean	tests/scripts/c2_framing/test_f26_rules.py::test_a_non_finite_delta_is_incomplete | E       AssertionError: assert 'inconclusive' == 'incomplete'
M64 block resampling without the reset	scripts/audit/c2_framing/f26.py	tests/scripts/c2_framing/test_f26_rules.py	block_resampling	KILLED	1	clean	tests/scripts/c2_framing/test_f26_rules.py::test_the_block_resampling_is_reported_and_does_not_decide | E       assert 0.05567567567567568 == 0.05513513513513514 ± 5.5e-08
# commit 9507294
