id,name,pitches,rv_tot,pct_tot,rv_11,pct_11,rv_12,pct_12,rv_13,pct_13,rv_14,pct_14,rv_16,pct_16,rv_17,pct_17,rv_18,pct_18,rv_19,pct_19,season
435559,"Suzuki, Kurt",5388,-5.2503797784107125,0.4728796844181459,1,0.2847222222222222,-1,0.4751381215469613,0,0.2386363636363636,0,0.6792452830188679,-2,0.6128266033254157,0,0.3426573426573426,-2,0.4636118598382749,-2,0.171875,2019
572287,"Zunino, Mike",5573,2.564438475021211,0.4933201385452746,0,0.2185430463576159,2,0.5492957746478874,0,0.2447552447552447,-1,0.6458333333333334,1,0.6944444444444444,0,0.3008130081300813,1,0.5277044854881267,-1,0.2105263157894736,2019
595751,"Alfaro, Jorge",8588,-1.074310152166276,0.4743183259353202,2,0.2845188284518828,1,0.4829268292682926,0,0.2171717171717171,2,0.6602870813397129,-4,0.5972696245733788,0,0.3584905660377358,-1,0.4906937394247039,-2,0.1958762886597938,2019
543510,"McCann, James",7896,-10.125405874128436,0.4483795522886735,0,0.219626168224299,2,0.5112219451371571,1,0.2640449438202247,1,0.6584070796460177,-1,0.6356275303643725,-3,0.2008547008547008,-5,0.4395424836601307,-3,0.1389830508474576,2019
543877,"Vázquez, Christian",8829,13.251499716653676,0.511842509996924,1,0.2448979591836734,6,0.5533333333333333,3,0.28,1,0.6572504708097928,3,0.7099337748344371,0,0.3076923076923077,-1,0.471326164874552,0,0.2804878048780488,2019
519390,"Vogt, Stephen",3967,-1.9468577798834592,0.4545454545454545,-1,0.1546391752577319,-3,0.3114754098360656,1,0.2222222222222222,0,0.6491935483870968,0,0.6354515050167224,0,0.3137254901960784,0,0.5020080321285141,1,0.2818791946308724,2019
518595,"d'Arnaud, Travis",5481,-0.3169718151095166,0.48712967459932,0,0.2160493827160493,4,0.5708812260536399,0,0.2551020408163265,-2,0.6291866028708134,-1,0.6287262872628726,-1,0.2684563758389262,0,0.51338199513382,-1,0.2513089005235602,2019
488771,"Castro, Jason",5469,2.222209768827311,0.4995159728944821,-1,0.1691176470588235,-2,0.4372623574144487,0,0.2045454545454545,0,0.6573816155988857,2,0.6860215053763441,1,0.3305785123966942,1,0.5208333333333334,2,0.324,2019
595978,"Hedges, Austin",7094,22.65287301204703,0.5385762206485277,0,0.2333333333333333,-1,0.4776119402985074,1,0.2339181286549707,2,0.6405622489959839,1,0.6818950930626058,3,0.4414414414414414,8,0.6194503171247357,4,0.3991769547325103,2019
519222,"Romine, Austin",4912,-0.2454183062242244,0.4875541125541126,0,0.2276422764227642,0,0.4619565217391304,1,0.253012048192771,2,0.7109375,-3,0.6261398176291794,1,0.3793103448275862,0,0.4659949622166247,-1,0.2126436781609195,2019
608348,"Kelly, Carson",6885,5.06087824859076,0.522815158546017,1,0.2222222222222222,-1,0.4509803921568627,0,0.1826923076923076,2,0.6963249516441006,0,0.6820083682008368,1,0.3858921161825726,2,0.5439560439560439,2,0.3698630136986301,2019
592407,"Holaday, Bryan",2655,-4.567961594759671,0.4384384384384384,0,0.1805555555555555,-1,0.3669724770642202,0,0.1463414634146341,-2,0.5879396984924623,1,0.671957671957672,0,0.3378378378378378,-1,0.4166666666666667,0,0.2252252252252252,2019
605131,"Barnes, Austin",4032,4.183770252018686,0.5166880616174583,-1,0.15,-2,0.3620689655172414,-1,0.1710526315789473,-2,0.6145454545454545,1,0.6949152542372882,0,0.3595505617977528,5,0.6328767123287671,3,0.4512195121951219,2019
595284,"Knapp, Andrew",2601,-0.1581761389056211,0.5169230769230769,1,0.3508771929824561,1,0.6226415094339622,0,0.2941176470588235,2,0.7272727272727273,-2,0.5781990521327014,0,0.3424657534246575,-1,0.4784688995215311,-1,0.2469135802469135,2019
455104,"Iannetta, Chris",3191,-3.6017540834360653,0.4681708299758259,1,0.2363636363636363,0,0.5342465753424658,0,0.3023255813953488,2,0.7478260869565218,-2,0.6075949367088608,0,0.3536585365853658,-4,0.3387096774193548,-1,0.2413793103448276,2019
543228,"Gomes, Yan",6847,-2.6297133275466473,0.4789818742768993,0,0.2108433734939759,-2,0.3761467889908257,-1,0.1704545454545454,6,0.7210526315789474,-4,0.6111111111111112,1,0.3669064748201439,0,0.5016611295681063,-2,0.1927272727272727,2019
592663,"Realmuto, J.T.",10095,4.892329284165526,0.5037573805689748,1,0.2105263157894736,-2,0.3836477987421384,-1,0.2371794871794871,7,0.7473544973544973,-4,0.6323319027181689,2,0.4019607843137255,0,0.5097560975609756,0,0.2727272727272727,2019
435263,"McCann, Brian",5765,5.33254670224814,0.4955503512880562,1,0.238095238095238,-1,0.4065934065934066,-1,0.1555555555555555,5,0.7518248175182481,-2,0.6413301662707839,2,0.4171122994652406,1,0.4796573875802998,0,0.2352941176470588,2019
452095,"Flowers, Tyler",6194,13.90707941241273,0.5298042704626335,0,0.2258064516129032,2,0.5427350427350427,-1,0.1170212765957446,0,0.6477272727272727,1,0.684331797235023,2,0.3507109004739336,6,0.6227272727272727,4,0.3505535055350554,2019
608700,"Plawecki, Kevin",3479,4.022847061170365,0.53515625,0,0.2121212121212121,-1,0.4539877300613497,0,0.2153846153846154,-1,0.6387434554973822,3,0.7946428571428571,-1,0.3088235294117647,1,0.5375494071146245,1,0.2681159420289855,2019
606988,"Greiner, Grayson",4519,-2.6601611103829463,0.4757519950890116,1,0.2551020408163265,-2,0.4011299435028249,0,0.2068965517241379,1,0.6435045317220544,-1,0.6883116883116883,0,0.3050847457627119,0,0.4984894259818731,-2,0.1955307262569832,2019
431145,"Martin, Russell",3954,5.747971852876569,0.5336963921034718,1,0.2479338842975206,2,0.5368421052631579,0,0.225,1,0.7003154574132492,1,0.7517985611510791,0,0.3727272727272727,-1,0.50390625,0,0.282051282051282,2019
465041,"Cervelli, Francisco",2664,-1.2105984646011407,0.4742574257425742,1,0.2686567164179104,-1,0.4344262295081967,0,0.1081081081081081,0,0.671875,-1,0.6055555555555555,0,0.4,0,0.4743589743589743,0,0.2346938775510204,2019
621512,"Nido, Tomás",2759,4.33140154178716,0.5054401582591493,0,0.1666666666666666,-1,0.4326923076923077,0,0.22,-1,0.6,3,0.7741935483870968,0,0.2575757575757575,0,0.4842105263157895,2,0.3983050847457627,2019
624431,"Trevino, Jose",2757,-1.2940845588486427,0.4763285024154589,1,0.2533333333333333,1,0.5652173913043478,0,0.2372881355932203,1,0.7089201877934272,-1,0.6296296296296297,0,0.2584269662921348,-1,0.4148936170212766,-1,0.1309523809523809,2019
643396,"Kiner-Falefa, Isiah",2758,-9.497824692286692,0.4263775971093044,0,0.1944444444444444,-2,0.376,-1,0.108695652173913,-1,0.6529680365296804,-2,0.5342465753424658,-1,0.2025316455696202,-1,0.4684684684684684,-1,0.208,2019
592200,"Casali, Curt",4466,1.990766487300366,0.4871638141809291,-1,0.0759493670886076,0,0.50920245398773,0,0.2222222222222222,-3,0.6567164179104478,1,0.670299727520436,0,0.3211009174311927,3,0.5071225071225072,1,0.2522935779816513,2019
571466,"Barnhart, Tucker",6873,5.242740558078788,0.4898305084745762,-1,0.106060606060606,-1,0.4528301886792453,0,0.2371794871794871,-3,0.6189189189189189,5,0.687374749498998,0,0.3058823529411765,4,0.5819327731092437,1,0.2876712328767123,2019
518735,"Grandal, Yasmani",9798,16.098148497388035,0.5104591143710948,0,0.199074074074074,2,0.5145888594164456,2,0.3163841807909605,-6,0.5844155844155844,7,0.7254374158815612,0,0.3255033557046979,6,0.5566502463054187,3,0.3122171945701357,2019
572033,"Phegley, Josh",6965,-9.21165938481783,0.4585531273549359,-1,0.1890243902439024,-1,0.4417808219178082,-1,0.1875,1,0.673773987206823,-1,0.5966101694915255,-2,0.2865168539325842,-3,0.4347826086956521,-1,0.2633451957295373,2019
607732,"Stallings, Jacob",3953,4.714966406710748,0.5057553956834533,0,0.1805555555555555,-1,0.3884892086330935,-1,0.108695652173913,-1,0.651685393258427,2,0.6784313725490196,1,0.4466019417475728,2,0.5246913580246914,3,0.3695652173913043,2019
553882,"Narváez, Omar",7424,-9.781473122361447,0.4665486725663716,0,0.1955307262569832,-1,0.4291497975708502,0,0.30625,-2,0.5882352941176471,-3,0.6471544715447154,0,0.3303571428571428,-2,0.457975986277873,-1,0.2724137931034482,2019
642336,"Mejía, Francisco",3936,-2.998602346680686,0.4721141374837873,0,0.1648351648351648,-2,0.3652694610778443,-1,0.1382978723404255,-1,0.6185567010309279,0,0.704119850187266,0,0.3308270676691729,2,0.550314465408805,1,0.287292817679558,2019
506702,"León, Sandy",4258,2.4494249883483445,0.5184243964421855,1,0.2894736842105263,5,0.6334661354581673,0,0.2333333333333333,1,0.6797153024911032,0,0.6797752808988764,-1,0.247191011235955,-2,0.4498269896193771,-1,0.173076923076923,2019
605170,"Caratini, Victor",3561,1.5433249034637315,0.5103857566765578,0,0.28,-1,0.4137931034482758,0,0.2151898734177215,-1,0.6205128205128205,2,0.7413249211356467,0,0.421875,1,0.5357142857142857,1,0.2953367875647668,2019
553869,"Díaz, Elias",6533,-11.966763323288676,0.4468001570475068,0,0.2,0,0.4693140794223827,0,0.2456140350877192,-1,0.6367265469061876,-3,0.6172344689378757,-1,0.3368983957219251,-5,0.38715953307393,-2,0.2,2019
488671,"Avila, Alex",3697,4.855973396249683,0.5245202558635395,-1,0.1413043478260869,0,0.5037593984962406,1,0.2,1,0.6996904024767802,0,0.6848739495798319,1,0.376068376068376,2,0.5525423728813559,1,0.3270440251572327,2019
608596,"Murphy, Tom",4960,3.784032201728016,0.5048150025342119,-1,0.1458333333333333,-2,0.38860103626943,-1,0.1208791208791208,-1,0.5745257452574526,-1,0.6642335766423357,2,0.4011627906976744,6,0.6464646464646465,2,0.3510204081632653,2019
642082,"Sisco, Chance",3441,-7.02029602247336,0.4426588750913075,0,0.1443298969072164,-1,0.4044117647058823,0,0.1846153846153846,1,0.6705426356589147,-2,0.5948905109489051,-1,0.3431372549019608,-1,0.4405594405594406,-1,0.1854304635761589,2019
455117,"Maldonado, Martín",7748,-1.3028208336056912,0.4816772374911909,-1,0.1832460732984293,-1,0.4266211604095563,0,0.203125,-3,0.6225296442687747,3,0.7077702702702703,-1,0.2553191489361702,0,0.5050505050505051,2,0.2861271676300578,2019
547379,"Pérez, Roberto",8508,11.072297990625191,0.5178100263852242,0,0.1637931034482758,0,0.4794871794871795,0,0.2340425531914893,-2,0.6582278481012658,5,0.7136690647482015,0,0.422077922077922,3,0.5597147950089126,4,0.3246753246753247,2019
668670,"Rogers, Jake",2834,-2.7494012124124643,0.4759206798866855,-1,0.1285714285714285,-1,0.4608695652173913,-1,0.1020408163265306,0,0.64,-1,0.6378378378378379,0,0.2409638554216867,1,0.5616438356164384,0,0.2831858407079646,2019
643376,"Jansen, Danny",7951,9.15013892553926,0.5026473702788563,0,0.2311320754716981,2,0.4728260869565217,1,0.2237762237762237,2,0.702803738317757,0,0.6459143968871596,1,0.4035087719298245,2,0.5411985018726592,1,0.2675585284280936,2019
641598,"Garver, Mitch",5563,0.5619494436111432,0.4865375531412376,-1,0.1353383458646616,-2,0.4314516129032258,0,0.1411764705882353,-1,0.6385869565217391,0,0.6415584415584416,2,0.3743016759776536,4,0.5824175824175825,1,0.2992424242424242,2019
543308,"Hicks, John",4508,-6.255824105840368,0.4672897196261682,0,0.2105263157894736,-2,0.40625,0,0.2619047619047619,1,0.6555891238670695,-1,0.6593059936908517,0,0.3293413173652694,-2,0.4523160762942779,-1,0.2078651685393258,2019
456078,"Castillo, Welington",3709,-7.856475340353216,0.4276504297994269,-1,0.0932203389830508,1,0.5245098039215687,0,0.1692307692307692,-3,0.578397212543554,0,0.654054054054054,0,0.3153153153153153,-3,0.3825503355704698,0,0.25,2019
547172,"Wolters, Tony",7836,-9.066355570910227,0.4602030789387488,-1,0.1572052401746725,-1,0.4617647058823529,0,0.1626016260162601,-4,0.6365105008077544,1,0.6603415559772297,-2,0.320754716981132,0,0.4696734059097978,-1,0.2222222222222222,2019
457763,"Posey, Buster",7272,10.87285505566296,0.5140082181546507,2,0.2742857142857143,0,0.4643874643874643,-1,0.1463414634146341,8,0.7409948542024014,0,0.6752988047808764,3,0.3590733590733591,0,0.4989010989010989,-1,0.2445414847161572,2019
607345,"Smith, Kevan",3999,-7.591532732017721,0.4278975741239892,0,0.1623931623931624,1,0.5235849056603774,0,0.2,0,0.6383763837638377,-1,0.6504065040650406,-1,0.1683168316831683,-3,0.3817567567567567,-2,0.1560283687943262,2019
518960,"Lucroy, Jonathan",6389,-5.118301102016104,0.4731750219876869,-1,0.1212121212121212,-2,0.3944223107569721,-1,0.1875,-2,0.6310160427807486,1,0.6837782340862423,-2,0.2446043165467626,1,0.5009823182711198,0,0.3037037037037037,2019
545358,"Stassi, Max",3263,7.447548427362056,0.5368682684341343,0,0.1976744186046511,0,0.4375,0,0.2068965517241379,0,0.6504854368932039,3,0.7751937984496124,0,0.3146067415730337,2,0.5916030534351145,2,0.3833333333333333,2019
575929,"Contreras, Willson",7544,-3.578346908785885,0.4843532684283727,1,0.2323943661971831,0,0.4662576687116564,0,0.2222222222222222,0,0.6270022883295194,-1,0.6982248520710059,0,0.308411214953271,0,0.4761146496815286,-3,0.210691823899371,2019
444489,"Piña, Manny",3241,5.504782287802312,0.5211148648648649,0,0.2,0,0.5,0,0.173076923076923,-1,0.6116504854368932,2,0.7283464566929134,1,0.4941176470588235,2,0.5702127659574469,1,0.3086419753086419,2019
600474,"Severino, Pedro",6890,-6.88908925782698,0.4621182070606902,-1,0.1989247311827957,0,0.4349315068493151,0,0.2164179104477611,0,0.6374269005847953,-3,0.611764705882353,0,0.3205128205128205,-1,0.4836601307189542,-1,0.2250922509225092,2019
425877,"Molina, Yadier",8296,-1.4519458746831972,0.4868251928020565,2,0.2709163346613545,4,0.5969387755102041,1,0.2551724137931034,0,0.6648745519713262,1,0.680952380952381,-2,0.2926829268292683,-6,0.4265975820379965,-2,0.1960227272727272,2019
669257,"Smith, Will",3338,3.193101699223879,0.5108153078202995,0,0.2753623188405797,2,0.5562130177514792,0,0.2037037037037037,1,0.6822429906542056,-1,0.6824034334763949,0,0.264367816091954,0,0.4901185770750988,1,0.3089430894308943,2019
650619,"Viloria, Meibrys",3162,-4.745674521747343,0.4509001636661211,0,0.2209302325581395,-1,0.3582089552238806,0,0.2542372881355932,-4,0.5816733067729084,0,0.6761904761904762,-1,0.2988505747126437,0,0.4849624060150376,0,0.2015503875968992,2019
571912,"Maile, Luke",3179,0.0932514724539378,0.4688581314878893,0,0.1827956989247312,1,0.4743589743589743,0,0.2769230769230769,-1,0.6104651162790697,0,0.660377358490566,1,0.4125,-1,0.5141700404858299,-1,0.2137404580152671,2019
595956,"Gallagher, Cam",2884,1.7593933025718047,0.4875666074600355,0,0.1808510638297872,-1,0.3039215686274509,0,0.14,2,0.720754716981132,-1,0.5675675675675675,1,0.5578947368421052,2,0.5243445692883895,0,0.2476190476190476,2019
446308,"Wieters, Matt",3188,-7.616662343328551,0.4326530612244898,0,0.1511627906976744,0,0.4936708860759494,0,0.1666666666666666,0,0.6883720930232559,-3,0.5466101694915254,-1,0.2705882352941176,-2,0.4094488188976378,-1,0.1897810218978102,2019
455139,"Chirinos, Robinson",8234,-6.141095706389585,0.4767141009055627,-1,0.1675392670157068,-2,0.4145077720207253,-1,0.1463414634146341,-2,0.6416382252559727,-2,0.6530944625407166,1,0.4022988505747126,3,0.5191693290734825,-1,0.2346938775510204,2019
425772,"Mathis, Jeff",5857,-4.217511490817216,0.4769161810847154,-1,0.1145038167938931,-3,0.375,-2,0.1267605633802817,-3,0.5922330097087378,2,0.7199211045364892,0,0.3076923076923077,1,0.5272727272727272,2,0.3166666666666666,2019
596142,"Sánchez, Gary",6672,-4.7697120182573745,0.4688112985484504,0,0.2441860465116279,0,0.4313725490196078,0,0.2444444444444444,1,0.6406926406926406,0,0.6830708661417323,-2,0.2258064516129032,-3,0.4275092936802974,0,0.3016528925619834,2019
467092,"Ramos, Wilson",8930,-1.663779732415917,0.4685274850469951,2,0.2568093385214007,8,0.5869565217391305,4,0.3531598513011152,-1,0.6334405144694534,3,0.6736566186107471,-3,0.2195121951219512,-10,0.328996282527881,-4,0.1623931623931624,2019
608348,"Kelly, Carson",2691,3.48926147300171,0.495766698024459,0,0.2068965517241379,0,0.4144144144144144,0,0.2459016393442623,2,0.7142857142857143,-1,0.645021645021645,1,0.4,1,0.5271966527196653,-1,0.2203389830508474,2020
642082,"Sisco, Chance",1665,-5.797366914454672,0.4592274678111588,0,0.1875,-1,0.3157894736842105,0,0.1363636363636363,0,0.6827586206896552,-2,0.5692307692307692,0,0.3269230769230769,-1,0.4914285714285714,-1,0.2093023255813953,2020
595751,"Alfaro, Jorge",1896,-4.434977391743049,0.4206128133704735,0,0.1538461538461538,0,0.4769230769230769,0,0.1794871794871795,-1,0.5864197530864198,-1,0.5714285714285714,0,0.2105263157894736,-2,0.45,0,0.1875,2020
607732,"Stallings, Jacob",3438,2.007323305686621,0.4885993485342019,-1,0.1333333333333333,-2,0.3677419354838709,0,0.2372881355932203,-2,0.5990990990990991,1,0.6596638655462185,0,0.3068181818181818,3,0.61003861003861,1,0.3333333333333333,2020
571974,"Murphy, John Ryan",1522,0.8171913997808651,0.5056390977443609,0,0.1219512195121951,0,0.3898305084745763,0,0.1666666666666666,0,0.6727272727272727,0,0.6777777777777778,0,0.25,1,0.6216216216216216,1,0.4150943396226415,2020
518595,"d'Arnaud, Travis",2810,2.3735702494025115,0.4899135446685879,1,0.2236842105263158,1,0.5031446540880503,1,0.3484848484848485,1,0.6545454545454545,0,0.703030303030303,0,0.3076923076923077,-2,0.4421052631578947,0,0.2432432432432432,2020
452095,"Flowers, Tyler",1611,1.1810231604300303,0.4893617021276595,0,0.2340425531914893,1,0.5172413793103449,0,0.3076923076923077,0,0.625,0,0.6756756756756757,0,0.3333333333333333,1,0.5517241379310345,0,0.2,2020
543228,"Gomes, Yan",2270,-3.0827954046002946,0.4487034949267193,0,0.2033898305084746,-1,0.3737373737373737,0,0.1621621621621621,1,0.6767676767676768,-1,0.6115702479338843,0,0.3793103448275862,-1,0.4598930481283422,-1,0.1616161616161616,2020
592663,"Realmuto, J.T.",2642,0.3152662906290971,0.5199182839632278,1,0.2424242424242424,-1,0.3723404255319149,0,0.1764705882352941,2,0.764367816091954,0,0.6700507614213198,1,0.4761904761904761,-1,0.5106382978723404,0,0.2842105263157894,2020
641598,"Garver, Mitch",1466,-0.4292152998055746,0.4633273703041144,0,0.1395348837209302,0,0.4677419354838709,0,0.1851851851851851,-1,0.5445544554455446,0,0.5842696629213483,0,0.3846153846153846,0,0.5403225806451613,0,0.4054054054054054,2020
519222,"Romine, Austin",2941,-2.6600987376766025,0.4583723105706268,-1,0.1168831168831168,-1,0.3235294117647059,0,0.2051282051282051,0,0.6099585062240664,0,0.6737967914438503,0,0.3157894736842105,-1,0.4724770642201835,0,0.3090909090909091,2020
506702,"León, Sandy",1625,1.0808141889428562,0.5023696682464455,0,0.1538461538461538,0,0.524390243902439,0,0.2553191489361702,-1,0.5963302752293578,1,0.6771653543307087,0,0.53125,1,0.6160714285714286,1,0.25,2020
595284,"Knapp, Andrew",1566,-3.3818720659180905,0.4494195688225539,0,0.1842105263157894,0,0.423728813559322,0,0.1875,0,0.6016949152542372,-1,0.525,0,0.4117647058823529,-1,0.5128205128205128,0,0.25,2020
467092,"Ramos, Wilson",2949,0.4812405173576553,0.447935368043088,1,0.25,3,0.5859872611464968,1,0.273972602739726,1,0.6617647058823529,0,0.6380090497737556,-1,0.2241379310344827,-5,0.2956989247311828,-1,0.1565217391304348,2020
543510,"McCann, James",2113,4.782690332348049,0.5179948586118251,0,0.0526315789473684,-1,0.3505154639175257,0,0.225,0,0.6375,1,0.7444444444444445,0,0.4102564102564102,2,0.6224489795918368,1,0.324074074074074,2020
644433,"Tromp, Chadwick",1507,3.2847787566745597,0.5018518518518519,0,0.1904761904761904,0,0.3709677419354839,0,0.1666666666666666,2,0.7017543859649122,-1,0.6276595744680851,1,0.3898305084745763,1,0.5686274509803921,0,0.3720930232558139,2020
600474,"Severino, Pedro",2504,-4.158061769378822,0.457286432160804,0,0.2459016393442623,-1,0.3838383838383838,0,0.1627906976744186,0,0.6463414634146342,0,0.6455026455026455,0,0.3384615384615385,-2,0.4521739130434782,0,0.2847222222222222,2020
435559,"Suzuki, Kurt",2357,-3.907056869485933,0.438496583143508,0,0.2307692307692307,-1,0.3191489361702128,0,0.1212121212121212,-1,0.6435643564356436,0,0.6461538461538462,0,0.3561643835616438,-1,0.4347826086956521,-1,0.1727272727272727,2020
572287,"Zunino, Mike",1820,-2.695426633958152,0.4506258692628651,0,0.1063829787234042,1,0.4824561403508772,0,0.2280701754385964,-1,0.6548672566371682,-1,0.6388888888888888,0,0.2777777777777778,-1,0.4435483870967742,-1,0.2272727272727272,2020
488771,"Castro, Jason",1809,-0.6264366927981322,0.5035460992907801,0,0.3103448275862069,0,0.5161290322580645,0,0.1428571428571428,-1,0.5585585585585585,0,0.6821192052980133,0,0.4761904761904761,0,0.5460992907801419,0,0.3134328358208955,2020
669221,"Murphy, Sean",2949,-0.1253500566761879,0.4961106309420916,0,0.2207792207792207,0,0.4452554744525547,-1,0.1272727272727272,0,0.6601941747572816,1,0.6718146718146718,-1,0.2602739726027397,1,0.5775862068965517,0,0.2203389830508474,2020
488671,"Avila, Alex",1265,-0.00911199355697,0.4662162162162162,0,0.2333333333333333,0,0.5625,0,0.217391304347826,0,0.6063829787234043,0,0.6142857142857143,0,0.3,0,0.5157894736842106,0,0.1590909090909091,2020
669257,"Smith, Will",2208,-3.711919068233373,0.4527186761229314,0,0.1290322580645161,0,0.4811320754716981,0,0.24,0,0.6222222222222222,-1,0.648,0,0.3835616438356164,-2,0.484375,0,0.2524271844660194,2020
605131,"Barnes, Austin",1930,4.338388472051591,0.5424403183023873,0,0.2051282051282051,0,0.4811320754716981,0,0.1666666666666666,-1,0.5754716981132075,1,0.7443609022556391,1,0.3278688524590163,3,0.6777777777777778,1,0.4712643678160919,2020
621532,"Bemboom, Anthony",1325,1.1634128732281432,0.484,1,0.3,0,0.3673469387755102,0,0.125,0,0.6454545454545455,0,0.6707317073170732,0,0.3478260869565217,0,0.5,0,0.3076923076923077,2020
518735,"Grandal, Yasmani",2680,7.146203197337105,0.5134596211365903,1,0.2857142857142857,1,0.5163934426229508,0,0.1875,-1,0.6363636363636364,1,0.6766467065868264,1,0.4084507042253521,3,0.5789473684210527,1,0.3057851239669421,2020
595978,"Hedges, Austin",1907,1.309213599140323,0.4938941655359565,1,0.2115384615384615,0,0.4534883720930232,0,0.25,0,0.6,0,0.6822916666666666,0,0.2972972972972973,0,0.5478260869565217,1,0.3294117647058823,2020
571466,"Barnhart, Tucker",2647,2.666352995702649,0.5036572622779519,0,0.1884057971014492,0,0.4336283185840708,0,0.1866666666666666,0,0.7050359712230215,1,0.6681222707423581,0,0.3235294117647059,1,0.6312849162011173,0,0.2605042016806723,2020
465041,"Cervelli, Francisco",1113,-1.2690631618810433,0.4795454545454545,0,0.238095238095238,0,0.425531914893617,0,0.0625,1,0.7012987012987013,0,0.6666666666666666,0,0.2758620689655172,-1,0.4661016949152542,-1,0.1538461538461538,2020
547172,"Wolters, Tony",2474,-2.0094286320386563,0.475,0,0.2191780821917808,-1,0.4682539682539682,0,0.2285714285714285,0,0.6419213973799127,-1,0.660377358490566,0,0.4047619047619047,0,0.478494623655914,-1,0.1574074074074074,2020
663698,"Bart, Joey",2212,1.3782481073377624,0.4934601664684899,0,0.2549019607843137,-1,0.3737373737373737,0,0.2765957446808511,0,0.625,0,0.6911764705882353,1,0.4044943820224719,1,0.5157894736842106,1,0.3766233766233766,2020
623168,"Heineman, Tyler",1102,0.1261260645485455,0.5,0,0.074074074074074,0,0.4098360655737705,0,0.3043478260869565,0,0.7121212121212122,-1,0.6382978723404256,0,0.4666666666666667,0,0.5733333333333334,0,0.1875,2020
592200,"Casali, Curt",1959,1.050214399077373,0.5042372881355932,0,0.1551724137931034,0,0.4301075268817204,0,0.2682926829268293,0,0.6440677966101694,1,0.6879432624113475,0,0.375,0,0.6183206106870229,0,0.3297872340425531,2020
545358,"Stassi, Max",2122,1.042826352041688,0.5044699872286079,0,0.15625,0,0.5057471264367817,0,0.2702702702702703,-1,0.592391304347826,1,0.7301587301587301,0,0.3142857142857143,1,0.5815602836879432,1,0.3513513513513513,2020
543877,"Vázquez, Christian",3431,5.623307726044536,0.508460918614021,1,0.2285714285714285,1,0.5135135135135135,0,0.3225806451612903,2,0.6877828054298643,1,0.6766917293233082,0,0.2463768115942029,1,0.5333333333333333,0,0.2520325203252032,2020
620443,"Torrens, Luis",1553,-3.489119793480091,0.4597701149425287,0,0.2051282051282051,0,0.46875,0,0.2,0,0.6384615384615384,-2,0.5619047619047619,0,0.3709677419354839,0,0.4958677685950413,-1,0.1896551724137931,2020
595453,"Wallach, Chad",1039,-0.5732409388289519,0.4621212121212121,0,0.2413793103448276,0,0.5,0,0.1875,0,0.6428571428571429,-1,0.55,0,0.3061224489795918,0,0.5913978494623656,-1,0.2156862745098039,2020
605170,"Caratini, Victor",1517,1.2535901452526357,0.5238907849829352,0,0.1388888888888889,1,0.5875,0,0.3478260869565217,-1,0.6237623762376238,1,0.672,0,0.4333333333333333,0,0.5703125,0,0.2222222222222222,2020
425877,"Molina, Yadier",3040,2.350731772515555,0.5077452667814114,0,0.1511627906976744,0,0.4598540145985401,-1,0.1216216216216216,0,0.6623931623931624,2,0.7409326424870466,0,0.3647058823529411,1,0.6116071428571429,1,0.3023255813953488,2020
547379,"Pérez, Roberto",2065,1.8714362274533032,0.5170239596469105,0,0.0697674418604651,0,0.5353535353535354,0,0.2127659574468085,0,0.664179104477612,1,0.7180851063829787,0,0.3111111111111111,0,0.5547445255474452,1,0.3,2020
595956,"Gallagher, Cam",1454,-0.5565041623554083,0.492619926199262,0,0.1521739130434782,0,0.4142857142857143,0,0.1,0,0.6857142857142857,-1,0.5697674418604651,0,0.4,1,0.6752136752136753,0,0.2241379310344827,2020
455139,"Chirinos, Robinson",2023,-2.225268347521971,0.4654731457800511,0,0.2258064516129032,0,0.4065934065934066,0,0.2040816326530612,0,0.6363636363636364,0,0.7041420118343196,0,0.3658536585365853,-2,0.3935483870967742,0,0.2891566265060241,2020
572863,"Garneau, Dustin",1098,0.8191072791115426,0.4754901960784313,0,0.2,-1,0.4125,0,0.3043478260869565,1,0.7878787878787878,0,0.625,0,0.4642857142857143,0,0.4852941176470588,0,0.1111111111111111,2020
596142,"Sánchez, Gary",2867,-4.673896639883797,0.4759259259259259,-1,0.1408450704225352,-2,0.3055555555555556,-1,0.1136363636363636,-1,0.6421052631578947,0,0.6826923076923077,-1,0.2318840579710145,-1,0.5345622119815668,1,0.4306569343065693,2020
643376,"Jansen, Danny",3378,-0.6116163335411879,0.4620408163265306,0,0.1826923076923076,-1,0.3767123287671233,0,0.2058823529411764,1,0.6428571428571429,0,0.676595744680851,-1,0.2840909090909091,-1,0.4590909090909091,1,0.3174603174603174,2020
680777,"Jeffers, Ryan",1459,1.4174873907572474,0.5094339622641509,0,0.2,-1,0.3333333333333333,0,0.1111111111111111,0,0.7350427350427351,-1,0.5753424657534246,0,0.4166666666666667,1,0.5772357723577236,1,0.373134328358209,2020
521692,"Perez, Salvador",2558,1.030936526155758,0.4889558232931726,0,0.1794871794871795,0,0.4525547445255474,0,0.1607142857142857,2,0.7624309392265194,0,0.7166666666666667,1,0.3676470588235294,-1,0.4354838709677419,0,0.2636363636363636,2020
606988,"Greiner, Grayson",1291,-0.8052860099591999,0.4631147540983606,1,0.3421052631578947,2,0.6774193548387096,0,0.2692307692307692,-1,0.5425531914893617,0,0.61,0,0.25,-1,0.4166666666666667,-1,0.0833333333333333,2020
425772,"Mathis, Jeff",1677,2.390507213763438,0.4949201741654572,0,0.2222222222222222,1,0.5454545454545454,0,0.217391304347826,0,0.6216216216216216,1,0.6830985915492958,0,0.3333333333333333,0,0.5258620689655172,0,0.2535211267605634,2020
455117,"Maldonado, Martín",3634,-1.3911707068356138,0.4756944444444444,0,0.1810344827586207,1,0.4697674418604651,0,0.2839506172839506,0,0.6514522821576764,0,0.6926070038910506,-2,0.1962616822429906,-1,0.5454545454545454,-1,0.2043795620437956,2020
624431,"Trevino, Jose",1454,0.9947128715225216,0.4903339191564148,0,0.2093023255813953,0,0.4810126582278481,0,0.28,1,0.6881720430107527,-1,0.5894736842105263,1,0.5192307692307693,0,0.5327868852459017,0,0.2166666666666666,2020
553869,"Díaz, Elias",1145,0.0860132270481221,0.4746136865342163,0,0.2352941176470588,-1,0.3333333333333333,0,0.2142857142857142,1,0.7766990291262136,0,0.56,0,0.3658536585365853,0,0.4421052631578947,0,0.2093023255813953,2020
460077,"Butera, Drew",1084,0.4978601488883915,0.4681818181818182,0,0.2058823529411764,0,0.4047619047619047,0,0.1875,0,0.6888888888888889,-1,0.5357142857142857,0,0.44,1,0.5882352941176471,0,0.171875,2020
608700,"Plawecki, Kevin",1570,-4.065763708477618,0.4326599326599326,0,0.1818181818181818,0,0.4936708860759494,0,0.1612903225806451,0,0.6261682242990654,-1,0.5897435897435898,0,0.3157894736842105,-1,0.4158415841584158,-1,0.1969696969696969,2020
605421,"Pérez, Michael",1830,-1.8758868489351137,0.4650077760497667,0,0.2,1,0.6352941176470588,0,0.2571428571428571,0,0.628099173553719,-1,0.5811965811965812,-1,0.1777777777777777,-1,0.4598540145985401,0,0.2063492063492063,2020
553882,"Narváez, Omar",2609,5.248941202156845,0.5418875927889714,1,0.303030303030303,1,0.5267857142857143,0,0.1607142857142857,0,0.6703910614525139,1,0.7025641025641025,1,0.4523809523809524,1,0.559322033898305,1,0.3918918918918919,2020
641924,"Nottingham, Jacob",1263,-0.2399797269318218,0.4989429175475687,0,0.1612903225806451,0,0.4418604651162791,0,0.2631578947368421,0,0.67,0,0.6933333333333334,0,0.375,0,0.5544554455445545,0,0.25,2020
543592,"Nola, Austin",3237,4.267082092624503,0.5131683958499601,0,0.1428571428571428,-1,0.4013605442176871,0,0.2432432432432432,-1,0.6019900497512438,0,0.6652892561983471,0,0.3181818181818182,4,0.6715867158671587,2,0.3892215568862275,2020
641929,"Odom, Joseph",1162,-1.7839707122682882,0.4344978165938865,0,0.1428571428571428,0,0.5348837209302325,0,0.2777777777777778,-1,0.5434782608695652,0,0.5555555555555556,-1,0.15625,-1,0.4851485148514851,0,0.3035714285714285,2020
575929,"Contreras, Willson",2911,3.423754024721952,0.5157894736842106,0,0.2321428571428571,0,0.5,1,0.3214285714285714,0,0.6647058823529411,1,0.6816326530612244,0,0.3888888888888889,1,0.5369458128078818,0,0.2773722627737226,2020
519390,"Vogt, Stephen",1608,1.4921195287339626,0.52,0,0.3870967741935484,-1,0.375,0,0.2666666666666666,0,0.5714285714285714,1,0.6875,0,0.3076923076923077,0,0.6136363636363636,0,0.359375,2020
600474,"Severino, Pedro",8033,-12.312610542144862,0.4371410338225909,-1,0.1727272727272727,0,0.4771573604060913,-1,0.1835748792270531,2,0.6377649325626205,-4,0.5966514459665144,-1,0.2676767676767677,-2,0.4569420035149384,-3,0.1891891891891892,2021
543592,"Nola, Austin",3509,2.61068585309702,0.4931605471562275,-1,0.1463414634146341,-1,0.4586466165413533,0,0.2131147540983606,-2,0.5976095617529881,1,0.6847826086956522,1,0.3796296296296296,3,0.571917808219178,2,0.2795698924731182,2021
605131,"Barnes, Austin",3470,2.92283937387051,0.5003668378576669,-1,0.1046511627906976,-2,0.3369565217391304,-1,0.1585365853658536,1,0.722007722007722,0,0.6359649122807017,1,0.3535353535353535,4,0.6116504854368932,1,0.3620689655172414,2021
575929,"Contreras, Willson",8367,-0.4057737232792481,0.4900536785601516,0,0.2131147540983606,2,0.561038961038961,1,0.2792207792207792,-1,0.6575342465753424,1,0.645466847090663,-1,0.277056277056277,-1,0.501628664495114,-2,0.1971428571428571,2021
668800,"Knizner, Andrew",3592,-3.763298897873303,0.4380403458213256,1,0.2247191011235955,-1,0.4512195121951219,0,0.2884615384615384,-2,0.5777777777777777,2,0.7111913357400722,-1,0.2702702702702703,-3,0.3529411764705882,0,0.2209944751381215,2021
543309,"Higashioka, Kyle",4297,4.24384303728897,0.5028248587570622,-1,0.1792452830188679,0,0.4655172413793103,-1,0.1058823529411764,1,0.6842105263157895,1,0.6818181818181818,0,0.4025974025974026,2,0.5283582089552239,1,0.3426966292134831,2021
624431,"Trevino, Jose",6351,13.166108094783691,0.5178496430071399,-1,0.1842105263157894,3,0.5743944636678201,1,0.28,0,0.6539440203562341,4,0.701098901098901,1,0.3763440860215054,2,0.5335892514395394,2,0.3106382978723404,2021
606992,"Haase, Eric",4776,-6.516025103684383,0.4477272727272727,-1,0.2112676056338028,-1,0.4278350515463917,-1,0.1604938271604938,-1,0.6320474777448071,-1,0.6405405405405405,1,0.2868852459016393,-2,0.4248554913294797,-1,0.1785714285714285,2021
608596,"Murphy, Tom",6145,-0.7565180908037986,0.4721124286341677,1,0.2444444444444444,0,0.4620938628158845,-2,0.1507936507936507,4,0.7036199095022625,-3,0.6237113402061856,0,0.3233830845771144,1,0.52,-2,0.1890756302521008,2021
545358,"Stassi, Max",6286,10.521232140849202,0.4997892962494732,0,0.2227979274611398,-2,0.4157303370786517,0,0.1969696969696969,-1,0.5946547884187082,6,0.7574370709382151,1,0.3563829787234042,3,0.5526881720430108,3,0.3471074380165289,2021
444489,"Piña, Manny",3877,1.4639328246264598,0.4909090909090909,0,0.1558441558441558,0,0.5522388059701493,0,0.2328767123287671,-2,0.5361702127659574,1,0.7132867132867133,0,0.3333333333333333,2,0.5625,1,0.2648648648648649,2021
680777,"Jeffers, Ryan",5562,5.68265305796649,0.4927113702623906,1,0.2202380952380952,-1,0.4247104247104247,0,0.2247191011235955,2,0.6566757493188011,1,0.6795865633074936,2,0.4338235294117647,2,0.5536585365853659,0,0.2355371900826446,2021
624512,"McGuire, Reese",4616,3.630148603441678,0.4896073903002309,1,0.2941176470588235,1,0.4791666666666667,0,0.2019230769230769,1,0.6711956521739131,0,0.6265822784810127,1,0.3282442748091603,0,0.506896551724138,0,0.2517006802721088,2021
621512,"Nido, Tomás",3099,7.117918267453069,0.5357142857142857,0,0.2027027027027027,0,0.4961832061068702,0,0.2619047619047619,-1,0.6487804878048781,4,0.7990654205607477,1,0.4148936170212766,1,0.515625,2,0.3712121212121212,2021
553882,"Narváez, Omar",7985,4.81242616807736,0.4920040830214359,-2,0.142156862745098,1,0.4818481848184818,1,0.2244897959183673,0,0.65625,3,0.7075306479859895,1,0.35,0,0.4850993377483443,0,0.2687074829931973,2021
553869,"Díaz, Elias",6819,-2.4957246117506657,0.4716622289844047,2,0.305,-2,0.4281045751633986,0,0.2666666666666666,6,0.7296296296296296,-7,0.5379464285714286,1,0.438423645320197,0,0.4836852207293666,-4,0.1437908496732026,2021
624513,"Nuñez, Dom",5380,1.115605056070895,0.4715485074626865,-1,0.1793478260869565,-3,0.350943396226415,0,0.1529411764705882,0,0.6710816777041942,-1,0.6130030959752322,2,0.4472049689440994,5,0.5598194130925508,0,0.217391304347826,2021
595978,"Hedges, Austin",6387,2.5167697327100007,0.4734607218683652,0,0.2017543859649122,1,0.4879356568364611,1,0.2602739726027397,-2,0.6113636363636363,1,0.668903803131991,1,0.3884297520661157,0,0.4789473684210526,0,0.2363636363636363,2021
608348,"Kelly, Carson",6170,-0.5707736066051872,0.48240589198036,0,0.2375,0,0.4958677685950413,0,0.2347826086956521,-1,0.6234817813765182,1,0.6363636363636364,0,0.3545454545454545,0,0.4916666666666666,0,0.2570281124497992,2021
592200,"Casali, Curt",3992,1.2236373636162974,0.4946168461051298,-1,0.1139240506329113,-2,0.3375796178343949,-1,0.0985915492957746,1,0.6627218934911243,-2,0.6213235294117647,2,0.4121621621621621,4,0.5885558583106267,0,0.2857142857142857,2021
642851,"Wynns, Austin",3291,-7.846542416385425,0.4291187739463601,0,0.1926605504587156,1,0.5074626865671642,0,0.1923076923076923,1,0.6544715447154471,-3,0.5686274509803921,-1,0.2470588235294117,-3,0.3679245283018867,-2,0.1428571428571428,2021
672386,"Kirk, Alejandro",2810,-2.205376291393663,0.4711447492904446,0,0.2179487179487179,-2,0.3692307692307692,0,0.1764705882352941,0,0.5625,-2,0.5652173913043478,1,0.4102564102564102,2,0.6142857142857143,0,0.2790697674418604,2021
572287,"Zunino, Mike",6908,9.358356735530691,0.5191786129407207,-1,0.1949685534591195,3,0.569377990430622,1,0.3020134228187919,-3,0.5602094240837696,2,0.7007168458781362,0,0.2671232876712329,4,0.5728346456692913,2,0.3486590038314176,2021
425877,"Molina, Yadier",9026,3.1932837994144636,0.4841983183531458,1,0.2439024390243902,6,0.5872641509433962,2,0.3109756097560975,-1,0.6411149825783972,1,0.6805555555555556,-1,0.32,-6,0.4064327485380117,0,0.2475728155339805,2021
595956,"Gallagher, Cam",2720,3.9417200672044177,0.501937984496124,-1,0.125,0,0.5277777777777778,0,0.1764705882352941,1,0.6804123711340206,0,0.6441717791411042,1,0.3789473684210526,2,0.5633802816901409,1,0.3260869565217391,2021
641680,"Heim, Jonah",5404,10.708019039093347,0.5200803212851406,0,0.2032520325203252,2,0.588495575221239,2,0.3358778625954198,0,0.6558823529411765,4,0.7410071942446043,0,0.3260869565217391,0,0.5063938618925832,1,0.2610619469026549,2021
669257,"Smith, Will",8223,2.574006434913469,0.4842306467027716,0,0.1978609625668449,-2,0.4441964285714285,0,0.1776315789473684,-2,0.6396588486140725,2,0.6786271450858035,-2,0.2629107981220657,3,0.5323308270676692,2,0.3076923076923077,2021
592663,"Realmuto, J.T.",8385,5.215851364826459,0.4862275449101796,0,0.2048780487804878,-3,0.4501347708894879,-2,0.12,5,0.6945668135095447,0,0.6094003241491086,1,0.3878326996197718,1,0.5117647058823529,1,0.2729885057471264,2021
457763,"Posey, Buster",7167,2.9638364082431994,0.4887843704775687,1,0.2403846153846154,1,0.5185185185185185,1,0.2430555555555555,3,0.6827371695178849,-3,0.6130536130536131,1,0.3417266187050359,0,0.5169660678642715,-2,0.1772151898734177,2021
663728,"Raleigh, Cal",2741,3.4233070119750204,0.4783018867924528,1,0.2916666666666667,2,0.5578231292517006,0,0.28125,2,0.6329113924050633,-1,0.6084656084656085,1,0.3670886075949367,-1,0.4522292993630573,-1,0.1538461538461538,2021
435559,"Suzuki, Kurt",5189,-5.160195079882468,0.4536659877800407,0,0.1970802919708029,-3,0.4050632911392405,-1,0.1651376146788991,0,0.6455026455026455,0,0.6721763085399449,0,0.2748091603053435,0,0.4588528678304239,-2,0.2019230769230769,2021
607732,"Stallings, Jacob",8002,6.2192891449157255,0.4805630026809651,-1,0.1508620689655172,0,0.4528301886792453,0,0.2091503267973856,-3,0.6150341685649203,4,0.6859504132231405,-1,0.281437125748503,4,0.5635179153094463,2,0.3002481389578164,2021
488771,"Castro, Jason",3190,-2.0101585966243944,0.4792746113989637,0,0.1553398058252427,-1,0.4497354497354497,1,0.3066666666666666,0,0.6519337016574586,1,0.6926229508196722,-1,0.296875,-1,0.5297297297297298,0,0.2307692307692307,2021
643376,"Jansen, Danny",4313,-1.428304113279363,0.4863744075829384,1,0.2983870967741935,-2,0.4163090128755364,-1,0.1134020618556701,5,0.6984126984126984,-3,0.607773851590106,0,0.3491124260355029,-1,0.5232974910394266,0,0.28,2021
596142,"Sánchez, Gary",7552,-5.449963359816519,0.4591800356506239,0,0.2216216216216216,-2,0.4430693069306931,-1,0.1437125748502994,0,0.6428571428571429,0,0.7020408163265306,-2,0.2318840579710145,-1,0.4578512396694215,0,0.2909698996655518,2021
506702,"León, Sandy",3518,-0.0277676630889951,0.504424778761062,1,0.3333333333333333,2,0.6013071895424836,1,0.3287671232876712,-1,0.5984251968503937,0,0.686411149825784,0,0.3495145631067961,-1,0.4904214559386973,-2,0.1884057971014492,2021
605170,"Caratini, Victor",7047,-6.8403559754771335,0.4624955563455385,-1,0.1614583333333333,-4,0.4086021505376344,-1,0.1550387596899224,-4,0.5578093306288032,2,0.6747404844290658,0,0.3311258278145695,-1,0.4888059701492537,2,0.3342541436464088,2021
543877,"Vázquez, Christian",9529,2.8790470419659178,0.4904580152671756,2,0.2426229508196721,4,0.5486381322957199,2,0.3080568720379147,1,0.6682692307692307,0,0.6559278350515464,-1,0.2489270386266094,-2,0.4871794871794871,-2,0.2362204724409448,2021
543228,"Gomes, Yan",6799,-1.9222890551976617,0.4698242933537051,0,0.2105263157894736,0,0.4789272030651341,-1,0.1869918699186991,3,0.7005649717514124,-3,0.5972495088408645,-1,0.293859649122807,-1,0.440453686200378,0,0.2631578947368421,2021
547379,"Pérez, Roberto",3070,1.4118638653895412,0.4852017937219731,1,0.21,1,0.551948051948052,1,0.2714285714285714,0,0.6555555555555556,1,0.7019230769230769,-1,0.2608695652173913,0,0.4878048780487805,1,0.2635658914728682,2021
662139,"Varsho, Daulton",2818,-2.011616854131247,0.4756554307116105,0,0.2083333333333333,-1,0.4778761061946903,0,0.25,1,0.6697247706422018,-1,0.6242774566473989,0,0.3863636363636363,-1,0.4897119341563786,-1,0.1649484536082474,2021
518595,"d'Arnaud, Travis",3926,2.3322435963948256,0.4716612377850163,0,0.2,1,0.5260115606936416,-1,0.1764705882352941,-1,0.5520833333333334,-1,0.644,1,0.4,2,0.5129682997118156,1,0.2965116279069767,2021
455117,"Maldonado, Martín",9042,-1.388101000932256,0.4855474452554744,0,0.1872659176029962,0,0.469047619047619,0,0.1978021978021978,-2,0.6478190630048465,0,0.6607407407407407,-1,0.3613861386138614,1,0.5249643366619116,1,0.2562674094707521,2021
642336,"Mejía, Francisco",4628,-4.076667681166537,0.4475073313782991,-1,0.1475409836065573,0,0.4780701754385965,0,0.1981981981981982,-3,0.6014492753623188,0,0.6472303206997084,-1,0.2365591397849462,0,0.46,0,0.2362637362637362,2021
669221,"Murphy, Sean",7590,4.994991449641735,0.4975643702157272,0,0.1990521327014218,0,0.4875346260387811,0,0.2064516129032258,-1,0.635593220338983,1,0.6908396946564885,1,0.32,2,0.5533088235294118,0,0.2698961937716263,2021
661388,"Contreras, William",3547,-3.7566117456043697,0.4522727272727272,0,0.189873417721519,-1,0.4125,0,0.2096774193548387,-1,0.5833333333333334,-2,0.5645161290322581,0,0.3035714285714285,0,0.5290102389078498,0,0.2698412698412698,2021
518735,"Grandal, Yasmani",5444,1.7102414636394687,0.4800202326757714,0,0.1637931034482758,2,0.5291479820627802,0,0.2352941176470588,-1,0.6262295081967213,1,0.6741854636591479,1,0.3732394366197183,0,0.4927884615384615,-1,0.2568093385214007,2021
595751,"Alfaro, Jorge",4070,1.4226839979629278,0.4844838505383154,1,0.2946428571428571,3,0.5876777251184834,1,0.303030303030303,0,0.6413043478260869,-3,0.5876623376623377,0,0.2803738317757009,-1,0.4941176470588235,-1,0.2012578616352201,2021
668670,"Rogers, Jake",2694,-3.113356287670058,0.4442231075697211,-1,0.1408450704225352,-1,0.465648854961832,0,0.1724137931034483,-1,0.5869565217391305,0,0.627906976744186,-1,0.2619047619047619,0,0.52,0,0.2211538461538461,2021
608700,"Plawecki, Kevin",2847,1.9937800100984844,0.4721461187214611,1,0.3043478260869565,0,0.5114503816793893,-1,0.16,2,0.7083333333333334,-1,0.592436974789916,0,0.2619047619047619,0,0.4928909952606635,-1,0.158273381294964,2021
605421,"Pérez, Michael",4477,-3.858856061706291,0.4604141291108404,0,0.144927536231884,2,0.5806451612903226,1,0.2954545454545454,0,0.6370106761565836,-1,0.6284916201117319,-1,0.2738095238095238,-2,0.4337748344370861,-2,0.1494252873563218,2021
641470,"Collins, Zack",4515,-12.6118575751608,0.4139344262295082,0,0.2191780821917808,2,0.5260869565217391,-1,0.1944444444444444,1,0.71,-6,0.4875776397515527,-1,0.1962616822429906,-5,0.3606060606060606,-2,0.1393939393939394,2021
519390,"Vogt, Stephen",4283,1.806339262739072,0.471563981042654,-1,0.1489361702127659,0,0.5028571428571429,1,0.2959183673469387,0,0.5919732441471572,3,0.7222222222222222,0,0.2972972972972973,-2,0.4074074074074074,1,0.2736842105263158,2021
641598,"Garver, Mitch",3816,3.139978426786167,0.5057142857142857,-1,0.1489361702127659,0,0.5103448275862069,0,0.3384615384615385,1,0.6788321167883211,1,0.694980694980695,0,0.3469387755102041,0,0.5201342281879194,1,0.2574850299401197,2021
521692,"Perez, Salvador",9342,-14.671041777295022,0.4481409001956947,1,0.2625482625482625,5,0.5385996409335727,1,0.282051282051282,1,0.651840490797546,-5,0.6017094017094017,-2,0.2832167832167832,-10,0.3611510791366906,-3,0.1941747572815534,2021
663886,"Stephenson, Tyler",5365,0.921886875552281,0.485785536159601,0,0.176,0,0.4526748971193415,0,0.2457627118644068,-1,0.6715542521994134,2,0.6560364464692483,-1,0.2941176470588235,0,0.4936061381074169,1,0.296943231441048,2021
543510,"McCann, James",6921,-1.9241627590872716,0.4794309880815071,-2,0.125,-1,0.4804270462633452,-1,0.175,-5,0.5642201834862385,4,0.7361623616236163,-2,0.23841059602649,2,0.516994633273703,2,0.298780487804878,2021
571466,"Barnhart, Tucker",7895,9.462126087187396,0.4961551320628552,1,0.2327044025157232,0,0.4554140127388535,0,0.2269938650306748,0,0.6514084507042254,4,0.6811091854419411,2,0.35,3,0.5118858954041204,1,0.2861356932153392,2021
595284,"Knapp, Andrew",2736,-0.1648510584017051,0.4820466786355475,-1,0.1111111111111111,0,0.4693877551020408,0,0.1739130434782608,0,0.645021645021645,1,0.6612244897959184,0,0.4027777777777778,-1,0.4754901960784313,0,0.2651515151515151,2021
661388,"Contreras, William",4329,-5.281247815700382,0.4514742014742015,-1,0.1896551724137931,1,0.4957264957264957,0,0.238095238095238,-1,0.5950704225352113,1,0.645367412140575,-1,0.2589285714285714,-3,0.4362017804154303,-1,0.2027027027027027,2022
672386,"Kirk, Alejandro",5168,7.697695198332275,0.5079122001020929,0,0.2413793103448276,-1,0.4697986577181208,-1,0.1515151515151515,4,0.7089552238805971,-2,0.6070460704607046,2,0.4201183431952662,4,0.5829493087557603,0,0.2088888888888889,2022
656180,"Adams, Riley",3189,-8.502616836802225,0.4282371294851794,0,0.2,-1,0.4590163934426229,0,0.2531645569620253,0,0.6071428571428571,-3,0.5914396887159533,0,0.3134328358208955,-3,0.4105691056910569,-1,0.1276595744680851,2022
669004,"Melendez, MJ",5288,-16.073388394822846,0.4174618320610687,-1,0.1338028169014084,-3,0.3816425120772946,-1,0.1149425287356321,-4,0.5593667546174143,-3,0.5976744186046512,-1,0.2773722627737226,-2,0.4543429844097995,0,0.2113207547169811,2022
571466,"Barnhart, Tucker",6718,-4.6194119276804955,0.4686520376175548,-1,0.1666666666666666,-2,0.4232209737827715,-1,0.2100840336134453,0,0.6210762331838565,0,0.6652977412731006,0,0.25,1,0.5226480836236934,0,0.2701754385964912,2022
595978,"Hedges, Austin",6415,2.515317339760465,0.4934102141680395,-1,0.1683168316831683,-1,0.4645669291338583,0,0.2537313432835821,-1,0.6705882352941176,2,0.6681514476614699,0,0.3474576271186441,2,0.5643340857787811,1,0.2789855072463768,2022
623168,"Heineman, Tyler",3882,4.813110633458945,0.4802182810368349,0,0.1509433962264151,-1,0.4509803921568627,0,0.2125,0,0.6108597285067874,1,0.6510903426791277,0,0.3561643835616438,3,0.5684210526315789,2,0.2670454545454545,2022
519222,"Romine, Austin",3142,-3.5854799969087665,0.4410041841004184,0,0.1888888888888888,0,0.5365853658536586,0,0.2195121951219512,-1,0.5819672131147541,0,0.6388888888888888,0,0.3090909090909091,-2,0.4315352697095436,-1,0.144,2022
518735,"Grandal, Yasmani",4669,7.538148270467154,0.4789227166276346,-1,0.1590909090909091,3,0.5943775100401606,2,0.3471074380165289,0,0.625,4,0.6414634146341464,-1,0.2023809523809523,-1,0.4674922600619195,0,0.2211981566820276,2022
641680,"Heim, Jonah",7759,15.61351394203519,0.5162504276428327,2,0.3138297872340425,2,0.589041095890411,0,0.2148148148148148,5,0.6578947368421053,4,0.7086206896551724,1,0.3588709677419355,-1,0.4841930116472546,1,0.2686084142394822,2022
624512,"McGuire, Reese",5715,2.9559061690096935,0.4680343511450381,3,0.3236994219653179,2,0.5471014492753623,1,0.2434782608695652,3,0.6826347305389222,0,0.6018099547511312,-1,0.2389380530973451,-3,0.4557640750670241,-1,0.2037037037037037,2022
663728,"Raleigh, Cal",7153,10.24244048923442,0.4909909909909909,1,0.2151898734177215,4,0.5443037974683544,1,0.2486187845303867,1,0.6431535269709544,1,0.6322701688555347,-1,0.2463768115942029,2,0.5780487804878048,1,0.2743055555555556,2022
605244,"Garcia, Aramis",2855,1.3957679396556082,0.4925512104283054,0,0.174757281553398,-1,0.4963503649635036,0,0.2156862745098039,1,0.7142857142857143,0,0.6348314606741573,1,0.4615384615384615,0,0.4871794871794871,0,0.231578947368421,2022
663698,"Bart, Joey",6036,-4.0465579054475365,0.4702072538860103,-1,0.1818181818181818,-1,0.5458515283842795,0,0.1526717557251908,-4,0.5758196721311475,1,0.6816037735849056,0,0.2790697674418604,1,0.4903640256959314,0,0.2652173913043478,2022
661531,"Serven, Brian",4149,5.425230921736361,0.5015974440894568,0,0.1491228070175438,2,0.6020942408376964,1,0.3709677419354839,-1,0.5919003115264797,3,0.678125,0,0.3434343434343434,1,0.5071428571428571,1,0.2640449438202247,2022
543877,"Vázquez, Christian",7438,5.504500219875145,0.4811387900355872,0,0.2342342342342342,3,0.5633423180592992,1,0.2555555555555555,2,0.6338028169014085,0,0.6316725978647687,0,0.2983425414364641,1,0.508130081300813,0,0.2327868852459016,2022
605421,"Pérez, Michael",3036,-2.835615154550128,0.4423393739703459,0,0.2241379310344827,-1,0.4551282051282051,0,0.1702127659574468,-1,0.5482456140350878,0,0.5707070707070707,0,0.3209876543209876,1,0.5202952029520295,0,0.2307692307692307,2022
607732,"Stallings, Jacob",7465,-3.1912544237056792,0.4596062457569586,0,0.1631578947368421,-3,0.4385382059800664,-1,0.184,-1,0.5862676056338029,-1,0.5864197530864198,0,0.2936507936507936,4,0.5403225806451613,0,0.2642857142857143,2022
642336,"Mejía, Francisco",5060,-4.206299383984251,0.4629629629629629,-1,0.1914893617021276,-1,0.4812030075187969,-1,0.2016129032258064,-1,0.5942028985507246,-2,0.6153846153846154,0,0.3591549295774648,0,0.5220588235294118,0,0.2388888888888889,2022
455139,"Chirinos, Robinson",4526,-15.069536725538802,0.3995572772551189,-1,0.1159420289855072,-3,0.4103585657370518,-1,0.1904761904761904,-4,0.5075757575757576,-3,0.5400593471810089,-1,0.3255813953488372,-1,0.503957783641161,-1,0.1688888888888889,2022
608348,"Kelly, Carson",6492,0.9521623870567606,0.4772902232486528,0,0.1925925925925926,0,0.5113636363636364,-1,0.1917808219178082,-1,0.6108870967741935,-2,0.5820642978003384,1,0.3608247422680412,3,0.530214424951267,0,0.2393822393822393,2022
663743,"Fortes, Nick",3914,1.816315210468512,0.4868421052631579,0,0.2244897959183673,1,0.5057471264367817,0,0.3088235294117647,0,0.6196721311475409,0,0.6510638297872341,1,0.2808219178082192,1,0.532608695652174,0,0.238095238095238,2022
668939,"Rutschman, Adley",6223,8.66152490185992,0.4959694526941027,2,0.2844036697247706,2,0.5272727272727272,1,0.3140495867768595,2,0.6816037735849056,-1,0.6275510204081632,1,0.4047619047619047,2,0.5526881720430108,-1,0.1850533807829181,2022
668800,"Knizner, Andrew",6040,-8.257509310443602,0.4407976734524304,-1,0.1702127659574468,0,0.4885245901639344,0,0.2314814814814814,-3,0.5625,3,0.670061099796334,-1,0.217391304347826,-5,0.4103092783505154,-1,0.22,2022
518595,"d'Arnaud, Travis",7372,8.051878019587473,0.4884488448844885,0,0.2200956937799043,-1,0.431547619047619,0,0.2464788732394366,3,0.6551724137931034,-2,0.6015037593984962,2,0.3800904977375565,4,0.5695488721804511,1,0.2446351931330472,2022
605131,"Barnes, Austin",3690,4.011378049519954,0.4979946524064171,-1,0.1123595505617977,-1,0.4175824175824176,-1,0.1470588235294117,-1,0.5747663551401869,1,0.6534653465346535,1,0.3805309734513274,5,0.6696165191740413,2,0.3441558441558441,2022
521692,"Perez, Salvador",5743,-11.614044305762349,0.4296160877513711,0,0.2377622377622377,1,0.5335570469798657,0,0.168,1,0.6418269230769231,-4,0.5772151898734177,-1,0.2513368983957219,-5,0.3691931540342298,-3,0.1534883720930232,2022
571912,"Maile, Luke",4127,-1.1492331213602254,0.44140625,0,0.2030075187969924,1,0.5103734439834025,0,0.2087912087912088,0,0.6294964028776978,1,0.6182432432432432,-1,0.2073170731707317,-3,0.3888888888888889,0,0.2,2022
664874,"Zavala, Seby",3963,6.848213287666971,0.5155459146782357,0,0.19,1,0.5561497326203209,0,0.3012048192771084,0,0.6777251184834123,2,0.6823899371069182,0,0.3571428571428571,2,0.5518672199170125,1,0.2716763005780346,2022
455117,"Maldonado, Martín",7630,0.0838397549778984,0.4751940600742491,1,0.2510460251046025,4,0.5428571428571428,1,0.2760736196319018,0,0.6628175519630485,-1,0.611764705882353,0,0.3068181818181818,-3,0.4684385382059801,-1,0.1929824561403508,2022
575929,"Contreras, Willson",5590,-2.266349058661715,0.4600778967867575,0,0.2015503875968992,2,0.5856573705179283,0,0.2222222222222222,1,0.6567901234567901,-3,0.555256064690027,0,0.3114754098360656,-2,0.4289215686274509,-1,0.2210526315789473,2022
543228,"Gomes, Yan",5074,-0.6610285786667511,0.466867469879518,1,0.2689655172413793,2,0.5614754098360656,0,0.1578947368421052,2,0.6666666666666666,-3,0.5498575498575499,-1,0.3173652694610778,-1,0.4974874371859296,-2,0.1581632653061224,2022
606992,"Haase, Eric",5149,-7.807756587666162,0.4475806451612903,-1,0.1612903225806451,-2,0.441025641025641,0,0.2465753424657534,0,0.6440677966101694,-3,0.5628930817610063,0,0.3169014084507042,0,0.5,-1,0.1651785714285714,2022
680777,"Jeffers, Ryan",4070,4.138142177502457,0.48124191461837,0,0.2341772151898734,2,0.5701357466063348,0,0.1764705882352941,1,0.6448979591836734,1,0.6686567164179105,0,0.2686567164179104,-1,0.4555984555984556,1,0.2830188679245283,2022
608700,"Plawecki, Kevin",3714,0.9291167629546822,0.4835016835016835,1,0.2222222222222222,2,0.5670103092783505,1,0.3333333333333333,0,0.6227272727272727,1,0.6617647058823529,-1,0.3010752688172043,-2,0.4691780821917808,-1,0.1885714285714285,2022
669257,"Smith, Will",7518,0.5029247732367357,0.4727891156462585,-1,0.193069306930693,-3,0.4405940594059406,0,0.2163742690058479,-1,0.6131687242798354,1,0.682842287694974,-1,0.2156862745098039,2,0.5260586319218241,3,0.2730496453900709,2022
592200,"Casali, Curt",3327,-4.076545061310674,0.4649923896499239,-1,0.1917808219178082,-1,0.4285714285714285,0,0.1875,-1,0.596078431372549,-1,0.6215277777777778,-1,0.2247191011235955,0,0.5232558139534884,0,0.2571428571428571,2022
592663,"Realmuto, J.T.",9583,2.4096180007278107,0.4836442281697756,0,0.2105263157894736,-2,0.4329411764705882,0,0.2375690607734806,4,0.6696035242290749,-1,0.6411682892906815,2,0.358267716535433,0,0.5146496815286624,-1,0.2394366197183098,2022
435559,"Suzuki, Kurt",3058,-5.5962907631527425,0.42523768366465,0,0.1688311688311688,-1,0.4632352941176471,-1,0.1168831168831168,1,0.6394230769230769,-3,0.533678756476684,0,0.2457627118644068,0,0.4806201550387597,-1,0.2,2022
543510,"McCann, James",3773,3.920913167509665,0.4793741109530583,0,0.1573033707865168,1,0.5389221556886228,0,0.2065217391304347,-3,0.4852941176470588,4,0.7079646017699115,0,0.2537313432835821,1,0.5478927203065134,2,0.2780748663101604,2022
641511,"Delay, Jason",3939,3.640580457816997,0.4858327574291637,1,0.2833333333333333,0,0.4939759036144578,1,0.3333333333333333,-1,0.5570175438596491,2,0.6747404844290658,0,0.2857142857142857,0,0.5548172757475083,1,0.2712765957446808,2022
642851,"Wynns, Austin",3460,0.1881196489558633,0.4773755656108597,0,0.1486486486486486,1,0.5454545454545454,1,0.3113207547169811,0,0.6324786324786325,0,0.6537102473498233,-1,0.1770833333333333,-1,0.4798387096774194,0,0.2201834862385321,2022
621512,"Nido, Tomás",6273,8.002644616611626,0.505451373746184,-1,0.1666666666666666,-1,0.5043859649122807,1,0.2698412698412698,-3,0.5888077858880778,5,0.7183673469387755,0,0.3233532934131736,3,0.5493273542600897,3,0.3309608540925267,2022
624431,"Trevino, Jose",6852,18.751152903416664,0.537436299490396,0,0.2047244094488189,-1,0.4406779661016949,-1,0.1946902654867256,5,0.7058823529411765,2,0.688659793814433,3,0.4025974025974026,8,0.6192109777015438,3,0.3166666666666666,2022
543309,"Higashioka, Kyle",5116,4.9437598274732135,0.484659386375455,-2,0.0990990990990991,-1,0.4322916666666667,-1,0.1318681318681318,2,0.7058823529411765,-2,0.5911458333333334,1,0.4090909090909091,5,0.5944055944055944,2,0.2915254237288135,2022
553869,"Díaz, Elias",7475,-10.008101617418292,0.4389911383776414,2,0.2676056338028169,2,0.5384615384615384,-1,0.1603053435114503,5,0.657051282051282,-9,0.5113636363636364,-1,0.2775510204081632,-5,0.4071969696969697,-3,0.1694352159468438,2022
663886,"Stephenson, Tyler",3381,-4.105346403158251,0.451660516605166,0,0.1682242990654205,-1,0.4444444444444444,0,0.2125,-1,0.6217391304347826,0,0.6363636363636364,0,0.2987012987012987,-1,0.4458333333333333,-1,0.2602739726027397,2022
545358,"Stassi, Max",6849,1.2953084252912173,0.4679743795036029,0,0.25,-1,0.4634146341463415,-1,0.2100840336134453,1,0.6428571428571429,-1,0.583756345177665,1,0.295,1,0.5477099236641222,0,0.2,2022
645444,"Herrera, Jose",3060,-0.2126202723458055,0.4673366834170854,0,0.2727272727272727,-1,0.3923076923076923,0,0.25,1,0.618421052631579,3,0.703125,0,0.3020833333333333,-3,0.4061135371179039,0,0.2410714285714285,2022
543592,"Nola, Austin",7030,-11.70137017224425,0.4642468239564428,0,0.2430939226519337,-3,0.4386503067484663,0,0.2061068702290076,-4,0.5948434622467772,1,0.647495361781076,-1,0.2888888888888888,-3,0.5018587360594795,-1,0.22397476340694,2022
669221,"Murphy, Sean",8593,9.051742230108312,0.4957160342717258,1,0.2532751091703056,-1,0.4804469273743016,0,0.2486486486486486,0,0.6109271523178808,3,0.682089552238806,0,0.2984496124031007,3,0.5433715220949263,2,0.3087818696883853,2022
605170,"Caratini, Victor",6314,2.318118272739432,0.4839241549876339,-1,0.152,0,0.496031746031746,0,0.2049180327868852,-4,0.5660377358490566,3,0.6954314720812182,0,0.3205741626794258,2,0.5292096219931272,2,0.3245283018867924,2022
595751,"Alfaro, Jorge",4556,-3.279186564469172,0.4666289592760181,0,0.1693548387096774,1,0.476,2,0.3412698412698413,-3,0.5382436260623229,2,0.7183908045977011,-1,0.2016806722689075,-1,0.4801324503311258,-1,0.2260273972602739,2022
542194,"Bethancourt, Christian",3330,1.1683036625087757,0.4698890649762282,-1,0.1428571428571428,0,0.4611398963730569,0,0.2272727272727272,-1,0.60625,2,0.6763636363636364,0,0.2622950819672131,0,0.5141843971631206,0,0.2214285714285714,2022
553882,"Narváez, Omar",6273,6.816535753909075,0.4987363100252738,0,0.1698113207547169,-1,0.4698795180722891,0,0.2142857142857142,1,0.6374695863746959,2,0.6746203904555315,2,0.3730569948186528,2,0.5506993006993007,1,0.2438016528925619,2022
425877,"Molina, Yadier",5395,6.638262627928552,0.4909428704133767,2,0.2893081761006289,4,0.6019417475728155,1,0.3490566037735849,1,0.6377245508982036,2,0.6594827586206896,0,0.303030303030303,-3,0.4339152119700748,0,0.2217741935483871,2022
596142,"Sánchez, Gary",6026,0.489677213978701,0.4723441615452151,1,0.2307692307692307,0,0.5104477611940299,0,0.2195121951219512,-1,0.6038251366120219,1,0.6545454545454545,0,0.28,1,0.5416666666666666,0,0.2377622377622377,2022
660688,"Ruiz, Keibert",8056,-5.115192225394061,0.4576379974326059,2,0.2384615384615384,1,0.5092838196286472,0,0.2484472049689441,5,0.6801872074882995,-4,0.5776173285198556,0,0.3497536945812808,-6,0.425,-2,0.15625,2022
596117,"Stubbs, Garrett",2501,-5.156254202717226,0.4321862348178137,0,0.1578947368421052,-2,0.3644067796610169,0,0.1794871794871795,0,0.6142131979695431,-2,0.5220125786163522,0,0.2987012987012987,0,0.5223214285714286,0,0.2051282051282051,2022
643376,"Jansen, Danny",4200,-1.27446609936587,0.4663760896637609,0,0.1578947368421052,0,0.5104166666666666,-1,0.1216216216216216,2,0.6763848396501457,-1,0.6035714285714285,0,0.3482142857142857,-2,0.4807692307692308,-1,0.1899441340782122,2022
571912,"Maile, Luke",4494,-5.131488030872145,0.4233199310740953,0,0.1212121212121212,3,0.5642201834862385,1,0.2677165354330709,-1,0.5474452554744526,1,0.6388888888888888,-1,0.203883495145631,-4,0.3899721448467966,-2,0.1343283582089552,2023
673237,"Diaz, Yainer",3546,-3.7368027067599368,0.4214175654853621,0,0.1764705882352941,-1,0.449438202247191,0,0.2027027027027027,-1,0.5550239234449761,0,0.6271929824561403,0,0.3484848484848485,-2,0.4375,0,0.1680672268907563,2023
666310,"Naylor, Bo",4450,1.4003050229636202,0.4715261958997722,1,0.225,1,0.5160142348754448,0,0.2580645161290322,1,0.6354515050167224,1,0.6637931034482759,0,0.2653061224489796,-2,0.4347826086956521,0,0.2584269662921348,2023
592663,"Realmuto, J.T.",9795,-14.404222999825812,0.4384454877412624,-2,0.1220657276995305,-3,0.5010482180293501,-2,0.1464646464646464,3,0.6151645207439199,-5,0.5698924731182796,0,0.3044871794871794,-4,0.448318804483188,-2,0.2010309278350515,2023
642851,"Wynns, Austin",3477,4.0974671490643555,0.4751299183370452,0,0.2022471910112359,2,0.5714285714285714,1,0.3768115942028985,1,0.5930232558139535,1,0.6370106761565836,0,0.3023255813953488,-1,0.4401913875598086,0,0.1793103448275862,2023
672275,"Bailey, Patrick",6295,16.95465411701669,0.5294585987261147,1,0.2734375,1,0.5449275362318841,1,0.3103448275862069,2,0.6139130434782609,3,0.6638477801268499,1,0.3719806763285024,3,0.5927710843373494,3,0.3214285714285714,2023
657136,"Wong, Connor",8020,-6.977497631696257,0.4392067620286086,-1,0.125,-2,0.4145077720207253,0,0.2649006622516556,-5,0.5067698259187621,5,0.6973886328725039,-2,0.2413793103448276,-2,0.485,-1,0.1858407079646017,2023
672386,"Kirk, Alejandro",6670,7.242543969141825,0.4931183641368462,0,0.1781609195402299,-2,0.4812030075187969,-1,0.0958904109589041,3,0.6400817995910021,-1,0.6139954853273137,2,0.4153005464480874,5,0.5865546218487395,1,0.24375,2023
553882,"Narváez, Omar",3202,0.9246607469313894,0.4532434709351305,0,0.2051282051282051,-1,0.4615384615384615,1,0.2676056338028169,1,0.6324324324324324,0,0.5907473309608541,-1,0.2625,0,0.4761904761904761,0,0.2142857142857142,2023
553869,"Díaz, Elias",8917,-12.783844305714368,0.4323329558323895,2,0.2482758620689655,5,0.6111111111111112,1,0.2623762376237624,5,0.634180790960452,-11,0.4823196605374823,-1,0.2821576763485477,-9,0.3552188552188552,-4,0.1184210526315789,2023
668939,"Rutschman, Adley",7957,4.27466015534568,0.4861299052774019,1,0.2285714285714285,4,0.6083743842364532,0,0.2868852459016393,5,0.6993987975951904,0,0.6165884194053208,-1,0.294478527607362,-4,0.4265975820379965,-1,0.2041420118343195,2023
672515,"Moreno, Gabriel",7210,-6.774100986720115,0.456115107913669,-1,0.1666666666666666,-4,0.3985239852398524,-1,0.1428571428571428,0,0.5891891891891892,-5,0.5732217573221757,0,0.3191489361702128,3,0.5646687697160884,1,0.2601351351351351,2023
595956,"Gallagher, Cam",3547,4.8530214853667095,0.5118881118881119,0,0.2222222222222222,1,0.495049504950495,0,0.2608695652173913,2,0.6588628762541806,0,0.6511627906976745,1,0.4,0,0.5306122448979592,1,0.2894736842105263,2023
669257,"Smith, Will",7847,3.747332995306699,0.4495563588563917,-1,0.1365461847389558,-2,0.4495192307692308,0,0.2196531791907514,0,0.5491452991452992,3,0.6535162950257289,0,0.2756756756756757,4,0.5564387917329093,0,0.2058823529411764,2023
455117,"Maldonado, Martín",8543,-15.647840827391526,0.405852417302799,2,0.26953125,1,0.469061876247505,0,0.2232558139534883,-5,0.5445920303605313,-3,0.5606326889279437,-1,0.196629213483146,-6,0.3954619124797406,-2,0.1387900355871886,2023
518595,"d'Arnaud, Travis",4633,2.7418943986712763,0.4891000558971492,0,0.2142857142857142,0,0.5069124423963134,-1,0.1758241758241758,1,0.6153846153846154,1,0.6347826086956522,0,0.3430656934306569,1,0.546242774566474,0,0.2317073170731707,2023
656180,"Adams, Riley",3037,-6.079841942187381,0.4267990074441687,0,0.1827956989247312,-1,0.4316546762589928,0,0.2307692307692307,0,0.5948717948717949,0,0.6435185185185185,0,0.2758620689655172,-3,0.4368600682593856,-1,0.1492537313432835,2023
669134,"Campusano, Luis",2839,-1.6409043023623224,0.4512411347517731,0,0.1529411764705882,-2,0.3962264150943396,0,0.2678571428571428,-3,0.4947368421052631,2,0.7345971563981043,-1,0.2093023255813953,2,0.5223214285714286,1,0.2905982905982906,2023
660688,"Ruiz, Keibert",9444,-11.839018622351878,0.4267827980402831,1,0.2304832713754646,2,0.5318181818181819,0,0.2450980392156862,1,0.5809806835066865,-2,0.5879194630872483,-2,0.1962264150943396,-6,0.3973988439306358,-3,0.1709844559585492,2023
607732,"Stallings, Jacob",5453,-3.3965707178604547,0.4422709923664122,0,0.1686746987951807,-1,0.4476987447698745,0,0.2142857142857142,-1,0.5502392344497608,1,0.6827794561933535,0,0.3202247191011236,-1,0.4596774193548387,-1,0.1818181818181818,2023
542194,"Bethancourt, Christian",6423,-2.9461420905152576,0.4702119152339064,1,0.2560975609756097,1,0.515358361774744,0,0.2666666666666666,0,0.6680672268907563,-3,0.572429906542056,0,0.2842639593908629,0,0.5175600739371534,-2,0.1843971631205673,2023
641511,"Delay, Jason",4212,6.601177875894524,0.4817692767483562,0,0.1860465116279069,1,0.4856115107913669,0,0.2794117647058823,-2,0.5142857142857142,3,0.6964856230031949,0,0.2978723404255319,2,0.5895061728395061,2,0.2513368983957219,2023
543510,"McCann, James",4061,-1.532851269680838,0.4700579523502897,0,0.2142857142857142,0,0.5,0,0.2923076923076923,2,0.65625,-2,0.5882352941176471,0,0.2727272727272727,0,0.5201238390092879,-1,0.1826923076923076,2023
645444,"Herrera, Jose",2911,-4.033129280422571,0.4151260504201681,0,0.1975308641975308,0,0.4538461538461538,0,0.3076923076923077,-2,0.4903846153846153,1,0.6478260869565218,-1,0.2278481012658227,-1,0.4115523465703971,-1,0.150375939849624,2023
669127,"Langeliers, Shea",9762,-11.133121305527297,0.4402964589623936,-1,0.1486486486486486,-3,0.4396355353075171,-1,0.1915708812260536,-6,0.4935064935064935,3,0.6683480453972257,-1,0.2790697674418604,-3,0.4783236994219653,1,0.2513812154696133,2023
664874,"Zavala, Seby",4541,8.157160938951366,0.4985020970641102,0,0.1574803149606299,1,0.5327868852459017,1,0.2929292929292929,2,0.6923076923076923,2,0.6608695652173913,1,0.4086021505376344,1,0.5077881619937694,1,0.2444444444444444,2023
608348,"Kelly, Carson",3170,-2.579254078392765,0.4583676834295136,-1,0.1076923076923077,0,0.5491803278688525,0,0.2,0,0.5909090909090909,0,0.5879828326180258,0,0.3516483516483517,-1,0.5053763440860215,-1,0.1428571428571428,2023
543877,"Vázquez, Christian",6539,4.86299075693199,0.4795959595959596,-1,0.173076923076923,-1,0.4705882352941176,0,0.2926829268292683,0,0.6039119804400978,3,0.6666666666666666,0,0.35,2,0.536734693877551,2,0.2537313432835821,2023
643376,"Jansen, Danny",4884,0.1985621127140436,0.4765498652291105,1,0.2027972027972027,0,0.5342465753424658,0,0.1914893617021276,3,0.6895604395604396,-2,0.5730337078651685,0,0.3533333333333333,-2,0.494413407821229,0,0.2046783625730994,2023
572287,"Zunino, Mike",2883,-0.775575957971929,0.4719626168224299,0,0.2615384615384615,-1,0.4732824427480916,0,0.1857142857142857,1,0.6844919786096256,-2,0.5606694560669456,0,0.3392857142857143,0,0.5294117647058824,0,0.2033898305084746,2023
595453,"Wallach, Chad",3583,-0.1725135041163158,0.4633385335413416,0,0.1981981981981982,-1,0.4226190476190476,0,0.140625,0,0.6037735849056604,0,0.6681818181818182,1,0.367816091954023,0,0.4814814814814814,1,0.2903225806451613,2023
666165,"Sabol, Blake",3376,2.165798225883357,0.4903129657228018,0,0.2022471910112359,0,0.4895833333333333,0,0.2771084337349397,-1,0.5708154506437768,3,0.7465277777777778,0,0.3168316831683168,0,0.509090909090909,0,0.2279411764705882,2023
642136,"Thaiss, Matt",5241,-2.3035699861633696,0.4640522875816993,0,0.2357723577235772,-1,0.48,-1,0.2,-2,0.5487804878048781,1,0.6847545219638242,-1,0.2244897959183673,0,0.5185185185185185,1,0.2486772486772486,2023
624512,"McGuire, Reese",3812,2.4363626157094593,0.4808510638297872,0,0.2376237623762376,2,0.5757575757575758,0,0.2903225806451613,0,0.6297709923664122,0,0.6260504201680672,0,0.3482142857142857,0,0.5035211267605634,0,0.1699346405228758,2023
663728,"Raleigh, Cal",8397,6.308862531488287,0.4751381215469613,1,0.2244224422442244,2,0.5022421524663677,0,0.2302631578947368,3,0.6411092985318108,2,0.6400580551523948,0,0.3464052287581699,-1,0.4674868189806678,-1,0.2042042042042042,2023
605170,"Caratini, Victor",4353,7.236662041028052,0.4786729857819905,0,0.2247191011235955,0,0.5481927710843374,0,0.2372881355932203,0,0.5891472868217055,3,0.6679245283018868,0,0.2620689655172414,2,0.5136612021857924,1,0.2464454976303317,2023
661388,"Contreras, William",8246,9.284750952800882,0.4817676143386897,-1,0.1560975609756097,0,0.494047619047619,0,0.2338709677419354,-1,0.5824372759856631,2,0.6521739130434783,1,0.3294573643410852,6,0.5632911392405063,2,0.2615384615384615,2023
571466,"Barnhart, Tucker",2613,5.5178261127251105,0.4974358974358974,0,0.2407407407407407,0,0.5317460317460317,0,0.2608695652173913,1,0.6225490196078431,0,0.660377358490566,1,0.3255813953488372,2,0.5428571428571428,0,0.2111111111111111,2023
543592,"Nola, Austin",3412,-3.2437046743291056,0.4306076519129782,-1,0.1509433962264151,0,0.5025380710659898,0,0.2307692307692307,0,0.5526315789473685,-1,0.606694560669456,-1,0.2289156626506024,-2,0.4708171206225681,0,0.2068965517241379,2023
575929,"Contreras, Willson",7037,-6.594870679788882,0.442877801879971,1,0.2171428571428571,1,0.5026455026455027,1,0.2606382978723404,1,0.5977653631284916,-2,0.5989110707803993,-2,0.2640449438202247,-6,0.401980198019802,-1,0.1850393700787401,2023
521692,"Perez, Salvador",6609,-5.9425459504475455,0.4390934844192634,0,0.1626506024096385,-1,0.48,-1,0.1557377049180328,0,0.6016771488469602,-2,0.6047058823529412,0,0.292079207920792,0,0.4651639344262295,0,0.1992481203007518,2023
666023,"Fermin, Freddy",4406,3.0740826974651885,0.4759036144578313,-1,0.1287128712871287,-1,0.4791666666666667,0,0.189873417721519,1,0.6013071895424836,-2,0.601823708206687,2,0.4306569343065693,3,0.530791788856305,1,0.2742857142857143,2023
668670,"Rogers, Jake",6955,4.783103632630991,0.4878491113529198,-1,0.1925465838509316,-2,0.4219409282700422,-1,0.2056737588652482,-1,0.5651376146788991,-1,0.6548856548856549,2,0.3671875,8,0.6094224924012158,0,0.2410071942446043,2023
669221,"Murphy, Sean",7466,3.9689167706752126,0.488695652173913,-1,0.1842105263157894,-3,0.4477124183006536,-1,0.2184873949579832,0,0.5909090909090909,0,0.6262798634812287,1,0.3303167420814479,6,0.6312949640287769,2,0.24,2023
606992,"Haase, Eric",4238,-1.814446960845555,0.4622586307782328,-1,0.0934579439252336,-2,0.4195402298850574,-1,0.1944444444444444,1,0.5906040268456376,0,0.6262295081967213,0,0.304054054054054,3,0.572139303482587,0,0.2512315270935961,2023
641680,"Heim, Jonah",8288,11.883741333858396,0.4873871068203052,1,0.2045454545454545,1,0.5051282051282051,1,0.2842105263157894,4,0.6318327974276527,4,0.6918335901386748,0,0.2757009345794392,0,0.4733333333333333,2,0.2576687116564417,2023
518735,"Grandal, Yasmani",6436,6.255877721210123,0.4742398648648648,0,0.1902173913043478,2,0.5536332179930796,1,0.3513513513513513,-2,0.5618556701030928,4,0.6889763779527559,-1,0.2647058823529412,-1,0.4826086956521739,1,0.2157534246575342,2023
682626,"Alvarez, Francisco",8053,14.009656237376646,0.4890219560878243,0,0.2064220183486238,0,0.4910025706940874,0,0.2867132867132867,4,0.6721311475409836,0,0.6423841059602649,2,0.3584070796460177,3,0.5272407732864675,3,0.2601626016260163,2023
624431,"Trevino, Jose",3758,6.995630819613157,0.5006906077348067,0,0.203883495145631,-1,0.4903225806451612,-1,0.1904761904761904,1,0.6504065040650406,2,0.6615969581749049,2,0.4347826086956521,3,0.5664739884393064,0,0.2292993630573248,2023
543309,"Higashioka, Kyle",5499,7.025584285895091,0.4874879692011549,-1,0.1266666666666666,-3,0.4139194139194139,0,0.2604166666666667,-2,0.5821325648414986,3,0.6581986143187067,0,0.3230769230769231,6,0.6377551020408163,4,0.2996108949416342,2023
605131,"Barnes, Austin",3614,2.205207743061026,0.4780521262002744,-1,0.0967741935483871,-1,0.4527363184079602,-1,0.1643835616438356,-2,0.5154185022026432,3,0.740983606557377,0,0.2695652173913043,2,0.5423728813559322,2,0.3422818791946309,2023
680777,"Jeffers, Ryan",5153,-4.3907041941937965,0.4437927663734115,1,0.2424242424242424,1,0.5317725752508361,0,0.2083333333333333,0,0.6121883656509696,-3,0.5525672371638142,0,0.31,-2,0.4325,-1,0.1759259259259259,2023
668800,"Knizner, Andrew",5075,-7.23262485914959,0.4412191582002903,0,0.1981981981981982,2,0.5984555984555985,1,0.3421052631578947,1,0.6086956521739131,-1,0.6133004926108374,-1,0.2517482517482518,-7,0.3453237410071942,-2,0.1283185840707964,2023
595978,"Hedges, Austin",5134,14.475863178277493,0.5250123823675087,1,0.2762430939226519,3,0.5827586206896552,2,0.4224137931034483,-2,0.5365239294710328,4,0.6990521327014217,1,0.3904761904761905,3,0.6044303797468354,1,0.2708333333333333,2023
596142,"Sánchez, Gary",4889,2.7032554117587333,0.4839934888768312,0,0.1769911504424778,0,0.5254237288135594,1,0.2758620689655172,-2,0.5672043010752689,1,0.6488095238095238,0,0.3063063063063063,2,0.5401069518716578,1,0.2757009345794392,2023
663886,"Stephenson, Tyler",6373,-8.56318381476564,0.4195402298850574,2,0.273469387755102,5,0.5932203389830508,1,0.3333333333333333,-3,0.5530474040632054,-3,0.5145228215767634,-2,0.25,-6,0.3581730769230769,-2,0.1153846153846153,2023
681351,"O'Hoppe, Logan",3979,-6.362693319917466,0.4196428571428571,0,0.2178217821782178,-1,0.4567307692307692,0,0.1294117647058823,2,0.6270096463022508,-3,0.5049019607843137,0,0.2867132867132867,-1,0.4712643678160919,-2,0.1468531468531468,2023
543228,"Gomes, Yan",7177,-5.88227331751397,0.4408445576993083,1,0.2540983606557377,2,0.5073891625615764,0,0.1870967741935484,2,0.5891181988742964,-3,0.6086956521739131,-1,0.2980769230769231,-5,0.4265734265734265,-1,0.1953488372093023,2023
682848,"Rodríguez, Endy",3652,-0.6402988419020621,0.4681620839363242,0,0.1388888888888889,1,0.5441860465116279,0,0.2166666666666666,1,0.6244897959183674,-2,0.5892857142857143,1,0.3793103448275862,0,0.5016393442622951,0,0.2246376811594203,2023
663743,"Fortes, Nick",6899,6.315791059445786,0.4738438210765731,0,0.1838235294117647,-1,0.4662162162162162,-1,0.1388888888888889,2,0.6,-3,0.6235011990407674,3,0.3245614035087719,6,0.5648148148148148,0,0.2626262626262626,2023
665804,"Amaya, Miguel",2560,2.5335709644244475,0.5030487804878049,0,0.2786885245901639,0,0.5299145299145299,0,0.1428571428571428,-1,0.5761904761904761,1,0.6480446927374302,1,0.4415584415584415,2,0.55,0,0.2857142857142857,2023
642336,"Mejía, Francisco",3200,-5.17850764264093,0.4350237717908082,-1,0.0895522388059701,-1,0.4966442953020134,0,0.2,-1,0.587378640776699,-2,0.5485436893203883,0,0.2523364485981308,1,0.5032679738562091,0,0.2671232876712329,2023
608596,"Murphy, Tom",2595,-4.305064774278091,0.4282907662082514,-1,0.1411764705882353,-1,0.4210526315789473,0,0.25,0,0.5948717948717949,-2,0.5186915887850467,0,0.3877551020408163,0,0.4906832298136646,-1,0.1578947368421052,2023
666163,"Rortvedt, Ben",6418,2.277823029058609,0.4685200327064595,-2,0.125,1,0.5258620689655172,0,0.2068965517241379,-2,0.5487528344671202,3,0.6800804828973843,-1,0.2714285714285714,-1,0.4872389791183295,3,0.315018315018315,2024
621512,"Nido, Tomás",2972,-0.3575623705669566,0.4565400843881856,-1,0.1111111111111111,0,0.48,0,0.2439024390243902,-2,0.4228571428571429,4,0.7706766917293233,0,0.2837837837837837,-1,0.4524886877828054,0,0.2522522522522522,2024
672515,"Moreno, Gabriel",6050,2.301896011142623,0.4741379310344827,0,0.1787709497206704,-2,0.3714285714285714,-1,0.16,0,0.6069651741293532,-1,0.6553191489361702,1,0.3617021276595745,5,0.5890652557319224,0,0.2230769230769231,2024
643376,"Jansen, Danny",5669,-3.848856687872261,0.4339449541284403,0,0.2045454545454545,-1,0.4769230769230769,-1,0.1653543307086614,1,0.5954773869346733,0,0.6352941176470588,0,0.2738095238095238,-3,0.386609071274298,-1,0.2028985507246377,2024
663886,"Stephenson, Tyler",8469,-4.324617099624099,0.4447431302270012,0,0.2015503875968992,3,0.5189309576837416,2,0.3230769230769231,-3,0.5520504731861199,0,0.6752577319587629,-2,0.2119815668202765,-4,0.4341906202723147,-1,0.1846590909090909,2024
672275,"Bailey, Patrick",8127,22.489998404070967,0.5256450108797016,1,0.2328767123287671,4,0.5735930735930735,1,0.2837209302325581,4,0.6442141623488774,4,0.7059639389736477,1,0.3076923076923077,4,0.5491452991452992,3,0.322289156626506,2024
592200,"Casali, Curt",2950,-1.6502587551202068,0.4708904109589041,1,0.25,0,0.4774193548387097,0,0.2156862745098039,1,0.6182572614107884,-1,0.6445497630331753,0,0.2959183673469387,0,0.5285714285714286,-1,0.1578947368421052,2024
455117,"Maldonado, Martín",3577,-4.9844415757989795,0.4235033259423503,0,0.1538461538461538,-1,0.4299065420560747,0,0.2674418604651162,-1,0.53,1,0.6720257234726688,0,0.2054794520547945,-2,0.3755656108597285,0,0.197452229299363,2024
672386,"Kirk, Alejandro",6497,11.862998588560908,0.4980665119876257,1,0.2171945701357466,1,0.5068493150684932,0,0.219047619047619,5,0.6730038022813688,0,0.6123711340206186,1,0.3463414634146341,4,0.559748427672956,1,0.2909090909090909,2024
543877,"Vázquez, Christian",6033,8.78971871665473,0.4917534722222222,0,0.1741573033707865,2,0.5370370370370371,0,0.2960526315789473,1,0.6380208333333334,4,0.728421052631579,0,0.2790697674418604,-1,0.4481132075471698,1,0.2773109243697479,2024
686780,"Pagés, Pedro",4375,-2.9229076905503315,0.4584736251402918,1,0.2307692307692307,0,0.4862745098039215,0,0.1707317073170731,0,0.6296296296296297,-1,0.6134663341645885,-1,0.296,0,0.4700854700854701,-1,0.1878453038674033,2024
671056,"Herrera, Iván",3921,0.2530888579019367,0.4752411575562701,0,0.173469387755102,-2,0.4271356783919598,-1,0.1395348837209302,1,0.6366906474820144,-1,0.6253968253968254,1,0.34,2,0.5566666666666666,1,0.2793296089385474,2024
668832,"McCann, Kyle",2697,-4.614288403724827,0.4488330341113106,0,0.1363636363636363,-1,0.4230769230769231,0,0.2127659574468085,-1,0.5560975609756098,0,0.6596638655462185,0,0.3283582089552239,-2,0.4630541871921182,-1,0.2272727272727272,2024
682626,"Alvarez, Francisco",6344,7.13264823142668,0.4763912310286678,-1,0.1538461538461538,0,0.4825396825396825,0,0.2447552447552447,-2,0.5251641137855579,2,0.6701461377870563,1,0.3726708074534161,3,0.5480769230769231,2,0.3013698630136986,2024
668939,"Rutschman, Adley",7577,1.3183139218426474,0.4601351351351351,3,0.329004329004329,4,0.5399515738498789,2,0.3352941176470588,3,0.6175496688741722,-2,0.6507936507936508,-1,0.2626262626262626,-5,0.3851717902350813,-3,0.1393728222996515,2024
680777,"Jeffers, Ryan",5834,-8.078809974891596,0.4452234881682734,0,0.1921182266009852,0,0.5045592705167173,0,0.1916666666666666,-3,0.5566265060240964,-2,0.594847775175644,-1,0.3103448275862069,0,0.5178571428571429,-1,0.15625,2024
521692,"Perez, Salvador",6715,4.919636672065248,0.478210566910914,0,0.1857923497267759,-1,0.459546925566343,-1,0.1909090909090909,1,0.5979591836734693,1,0.6659751037344398,1,0.3762886597938144,3,0.5098039215686274,1,0.2651515151515151,2024
595978,"Hedges, Austin",3432,7.692609980795935,0.5129918337045286,1,0.3164556962025316,1,0.5182926829268293,0,0.2054794520547945,1,0.6231884057971014,2,0.6911764705882353,0,0.2842105263157894,2,0.5658914728682171,0,0.2538461538461538,2024
660688,"Ruiz, Keibert",8091,-2.9989181274421064,0.4496965825614819,0,0.192090395480226,1,0.4569190600522193,0,0.2512562814070351,2,0.611214953271028,-2,0.666131621187801,-1,0.2244897959183673,-3,0.4420062695924764,-2,0.2092198581560283,2024
607732,"Stallings, Jacob",5425,-6.091524659884906,0.427705223880597,0,0.1369047619047619,-1,0.4598214285714285,-1,0.1847826086956521,-1,0.5717884130982368,-1,0.649746192893401,-1,0.2435897435897435,-2,0.4209354120267261,1,0.2424242424242424,2024
657136,"Wong, Connor",7226,-8.190011561800798,0.4546722454672245,-2,0.1214953271028037,-2,0.4642857142857143,0,0.2017543859649122,-3,0.5525812619502868,2,0.6850828729281768,-1,0.3240223463687151,-1,0.4896661367249602,-1,0.195364238410596,2024
669221,"Murphy, Sean",4818,-0.9837051686983777,0.4693347193347193,-1,0.1287128712871287,-2,0.4385964912280701,0,0.2222222222222222,-1,0.5461741424802111,1,0.6937669376693767,1,0.3043478260869565,1,0.5492227979274611,0,0.219047619047619,2024
543309,"Higashioka, Kyle",5607,0.976133880627541,0.471115091804747,0,0.1676300578034682,0,0.4647887323943662,0,0.2204724409448819,-2,0.5793269230769231,0,0.6653061224489796,0,0.3100775193798449,2,0.547486033519553,1,0.234375,2024
608348,"Kelly, Carson",5863,2.5366352888257664,0.4856614246068455,-1,0.1560283687943262,-2,0.4078947368421052,0,0.3181818181818182,1,0.6420581655480985,0,0.6893491124260355,1,0.3516483516483517,2,0.5217391304347826,1,0.2598425196850393,2024
571912,"Maile, Luke",3196,-6.663554599063603,0.4067253803042434,-1,0.0978260869565217,2,0.5227272727272727,1,0.2823529411764706,-3,0.48,1,0.6956521739130435,-1,0.1578947368421052,-4,0.358974358974359,-1,0.112781954887218,2024
642136,"Thaiss, Matt",2926,-5.319978116810325,0.4237435008665511,0,0.2337662337662337,-1,0.4444444444444444,0,0.1929824561403508,0,0.575,-2,0.5879396984924623,0,0.25,-1,0.4408163265306122,-1,0.144,2024
575929,"Contreras, Willson",3613,-2.6877280515130075,0.4410919540229885,0,0.1282051282051282,1,0.5257731958762887,0,0.1979166666666666,0,0.6231884057971014,-1,0.5923344947735192,0,0.3012048192771084,-1,0.4526315789473684,-1,0.1851851851851851,2024
645444,"Herrera, Jose",2549,1.908133467756682,0.4847560975609756,0,0.1489361702127659,1,0.5288461538461539,0,0.2826086956521739,-1,0.5851063829787234,0,0.6515837104072398,0,0.3064516129032258,-1,0.4660194174757281,1,0.3,2024
665804,"Amaya, Miguel",7613,-3.5024368425299635,0.4590058102001291,1,0.2702702702702703,2,0.524547803617571,0,0.2208588957055214,-2,0.5580645161290323,-4,0.6229205175600739,-1,0.2714285714285714,-1,0.4896,0,0.2333333333333333,2024
661388,"Contreras, William",8899,3.0408452845067675,0.479382889200561,-1,0.1541850220264317,-2,0.4367245657568238,0,0.2529411764705882,0,0.5937961595273265,-1,0.6681547619047619,1,0.3481781376518219,4,0.541838134430727,2,0.2795454545454545,2024
605131,"Barnes, Austin",3051,0.275330432600178,0.4513888888888889,-1,0.125,-1,0.3962264150943396,-1,0.1071428571428571,0,0.583756345177665,1,0.6633663366336634,0,0.2112676056338028,2,0.5220588235294118,1,0.3177570093457944,2024
605170,"Caratini, Victor",4097,2.665254869552595,0.4905183312262958,0,0.1962616822429906,1,0.5222222222222223,0,0.2935779816513761,1,0.6535714285714286,1,0.6853582554517134,0,0.3,0,0.4782608695652174,0,0.2517482517482518,2024
656180,"Adams, Riley",2756,-3.994069651897456,0.4154545454545454,-1,0.0684931506849315,-2,0.4130434782608695,-1,0.1153846153846153,-1,0.5300546448087432,-2,0.5759162303664922,1,0.3559322033898305,1,0.5,0,0.268041237113402,2024
669134,"Campusano, Luis",5676,-7.600192174352029,0.4404315196998123,-1,0.1768707482993197,0,0.496551724137931,-1,0.2086330935251798,-5,0.4672364672364672,2,0.6906474820143885,-1,0.2517985611510791,-1,0.4812030075187969,1,0.244,2024
673237,"Diaz, Yainer",7904,-3.398865467341188,0.4510454696315964,0,0.1973684210526315,4,0.5428571428571428,1,0.2660098522167488,2,0.6161616161616161,-1,0.6252045826513911,-2,0.2212389380530973,-6,0.4022140221402214,-1,0.2292490118577075,2024
666310,"Naylor, Bo",7527,10.538203611452271,0.4950223137658771,2,0.244,1,0.4942857142857143,0,0.2011834319526627,5,0.6618181818181819,1,0.6836065573770492,1,0.3366834170854271,1,0.5056818181818182,0,0.2295719844357976,2024
686676,"Lee, Korey",7829,-7.83544391315882,0.4304347826086956,0,0.1896551724137931,-1,0.4545454545454545,-1,0.1369047619047619,1,0.600418410041841,-3,0.6061643835616438,-1,0.2307692307692307,0,0.4867724867724867,-1,0.1925465838509316,2024
681351,"O'Hoppe, Logan",9329,1.0556666696071275,0.4486626402070751,2,0.2490272373540856,2,0.4820143884892086,0,0.2233502538071066,5,0.6180981595092024,-5,0.5743589743589743,2,0.3260869565217391,-1,0.4611464968152866,-2,0.1948051948051948,2024
663728,"Raleigh, Cal",8705,12.74027091454069,0.4911920140927774,1,0.2242647058823529,4,0.5504587155963303,2,0.3018867924528302,1,0.6086235489220564,5,0.6844262295081968,0,0.296875,-2,0.4627831715210356,1,0.2844574780058651,2024
624512,"McGuire, Reese",2986,2.3523755842429965,0.5033222591362126,0,0.2439024390243902,-1,0.4487179487179487,0,0.2619047619047619,-1,0.6101694915254238,0,0.6648648648648648,0,0.3333333333333333,1,0.631578947368421,2,0.2708333333333333,2024
669224,"Wells, Austin",7555,10.880123228803331,0.4901750625223294,1,0.2206572769953051,0,0.4953271028037383,0,0.236180904522613,1,0.5779092702169625,1,0.6788685524126455,1,0.3189189189189189,3,0.5628865979381443,2,0.2986111111111111,2024
668670,"Rogers, Jake",6004,8.77443347407515,0.508481764206955,0,0.1901408450704225,1,0.5236363636363637,1,0.2678571428571428,0,0.6067146282973621,-1,0.6430205949656751,2,0.3655913978494624,6,0.5970425138632163,1,0.2943548387096774,2024
641680,"Heim, Jonah",8437,2.6128687887077273,0.4699872286079182,1,0.2197802197802197,-2,0.4263322884012539,1,0.2932330827067669,3,0.6157894736842106,1,0.662704309063893,-1,0.2896174863387978,-1,0.47976011994003,1,0.2148148148148148,2024
518735,"Grandal, Yasmani",4682,6.475787720271356,0.487527114967462,-1,0.1228070175438596,0,0.4860557768924303,1,0.2929292929292929,-3,0.4748427672955975,5,0.7061611374407583,0,0.3406593406593406,0,0.5213414634146342,3,0.3755656108597285,2024
624431,"Trevino, Jose",5076,11.311769616802527,0.5084745762711864,1,0.2327586206896551,-1,0.4717741935483871,0,0.1752577319587628,2,0.6070287539936102,4,0.7451523545706371,1,0.3389830508474576,1,0.5257452574525745,2,0.3671497584541063,2024
666023,"Fermin, Freddy",5631,-0.1886854936930994,0.4774049217002237,-2,0.1388888888888889,-3,0.3849056603773585,-1,0.1909090909090909,-2,0.5707865168539326,1,0.6708542713567839,0,0.2698412698412698,6,0.6393805309734514,2,0.271551724137931,2024
669257,"Smith, Will",8902,-7.8968254583571715,0.4362259755387303,0,0.1969696969696969,-1,0.4722222222222222,0,0.2093023255813953,0,0.5702341137123745,-3,0.6245791245791246,-1,0.28,-1,0.4679399727148704,-3,0.1868421052631579,2024
656577,"Jackson, Alex",3399,2.7891187444929204,0.5096227867590454,0,0.1125,1,0.5392156862745098,0,0.2619047619047619,-2,0.5555555555555556,3,0.7162162162162162,-1,0.1702127659574468,1,0.5840336134453782,2,0.296,2024
620443,"Torrens, Luis",2629,0.2470142470655467,0.4894472361809045,0,0.1917808219178082,0,0.5307692307692308,0,0.1025641025641025,0,0.64,0,0.664804469273743,0,0.3291139240506329,1,0.5345622119815668,0,0.2621359223300971,2024
669127,"Langeliers, Shea",9435,-9.570041335357566,0.4398261342026623,0,0.1888111888111888,2,0.505175983436853,1,0.2523809523809524,0,0.5952732644017725,0,0.6653171390013495,-2,0.1973684210526315,-6,0.3906976744186046,-5,0.1824817518248175,2024
663743,"Fortes, Nick",7692,1.216151106631242,0.4646153846153846,1,0.2256637168141592,-2,0.4154302670623145,-1,0.2076923076923077,0,0.5700787401574803,-1,0.6433260393873085,2,0.328,4,0.5273865414710485,0,0.2629482071713147,2024
663698,"Bart, Joey",4741,-4.683341277550086,0.4365291912158543,-2,0.0884353741496598,-2,0.391304347826087,1,0.3163265306122449,-4,0.4837837837837838,3,0.6914893617021277,-1,0.1982758620689655,0,0.5,1,0.27,2024
518595,"d'Arnaud, Travis",5837,-1.6851179390816713,0.4708803611738149,0,0.2185430463576159,0,0.5160142348754448,0,0.2049180327868852,0,0.5873362445414847,-2,0.6407322654462243,0,0.2824427480916031,1,0.5108958837772397,-1,0.1936936936936936,2024
553869,"Díaz, Elias",5337,2.2272460175576754,0.4697325199436884,3,0.3160919540229885,4,0.5752508361204013,1,0.3271028037383177,6,0.6652631578947369,-4,0.6158038147138964,-1,0.2238805970149253,-4,0.3706666666666666,-3,0.14,2024
596117,"Stubbs, Garrett",3531,-2.9822038481594815,0.438004402054292,-1,0.1176470588235294,-2,0.3546099290780142,-1,0.088235294117647,-1,0.556420233463035,0,0.611336032388664,0,0.2677165354330709,2,0.5290519877675841,0,0.25,2024
592663,"Realmuto, J.T.",7228,-7.0779895032867355,0.4520789288231148,-1,0.1322751322751322,-4,0.3802395209580838,-2,0.1229508196721311,2,0.6153846153846154,-2,0.6348314606741573,2,0.3388429752066115,1,0.5198019801980198,-2,0.1870503597122302,2024
542194,"Bethancourt, Christian",3451,-4.193734003676108,0.4518297236743838,0,0.2065217391304347,-1,0.4522613065326633,0,0.2898550724637681,1,0.6597510373443983,0,0.6804979253112033,0,0.2476190476190476,-3,0.4182509505703422,-1,0.1317829457364341,2024
543510,"McCann, James",4641,-3.394150522006165,0.4477033757609297,0,0.2577319587628865,0,0.4915966386554621,0,0.2673267326732673,-1,0.540625,-2,0.5895061728395061,0,0.2719298245614035,0,0.5235602094240838,-1,0.1948051948051948,2024
668670,"Rogers, Jake",2823,0.923846676810635,0.4143897996357013,0,0.1594202898550724,0,0.4414414414414414,0,0.1666666666666666,0,0.5272727272727272,-1,0.4944444444444444,0,0.2637362637362637,1,0.5229007633587787,0,0.1788617886178861,2025
673237,"Diaz, Yainer",8338,-3.4537048077753556,0.4131020041878552,1,0.1532258064516129,2,0.4570230607966457,0,0.1952191235059761,2,0.5689320388349515,-4,0.5513196480938416,0,0.2245762711864407,-3,0.4684684684684684,-2,0.1567164179104477,2025
691019,"Teel, Kyle",4608,-0.3593642791485528,0.4001106806862202,-1,0.1309523809523809,1,0.4497991967871486,0,0.2061855670103092,-2,0.4479768786127168,1,0.6269113149847095,0,0.2183908045977011,0,0.4506172839506173,1,0.2105263157894736,2025
553869,"Díaz, Elias",5606,1.2753282065052534,0.4127198917456021,3,0.2681818181818182,1,0.4905149051490515,1,0.2571428571428571,5,0.5879518072289157,-4,0.5099502487562189,0,0.2649572649572649,-3,0.384180790960452,-2,0.115,2025
669224,"Wells, Austin",8666,11.87329878561793,0.4458770614692653,-1,0.110576923076923,-4,0.3575,-1,0.164021164021164,1,0.5356550580431177,3,0.6211180124223602,2,0.2780269058295964,7,0.5878877400295421,3,0.2736572890025575,2025
645444,"Herrera, Jose",4237,-0.4676220338874559,0.4095873786407767,-1,0.0956521739130434,0,0.4455958549222797,0,0.2043010752688172,-1,0.4722222222222222,3,0.6409495548961425,0,0.2083333333333333,-2,0.4508670520231214,1,0.2239583333333333,2025
543510,"McCann, James",2550,-1.7971626616086918,0.4148430066603235,1,0.1875,-1,0.3652173913043478,0,0.131578947368421,0,0.5445544554455446,0,0.565,0,0.2247191011235955,1,0.5043859649122807,-1,0.1652173913043478,2025
663743,"Fortes, Nick",4968,2.313536733499999,0.4390490642387455,0,0.1348314606741573,0,0.4224137931034483,-1,0.123076923076923,-1,0.5636743215031316,-1,0.5555555555555556,0,0.2974683544303797,4,0.5615212527964206,0,0.2,2025
521692,"Perez, Salvador",6612,-6.5970483484426365,0.3972706595905989,0,0.1651785714285714,-2,0.4085510688836104,0,0.1907514450867052,3,0.5678776290630975,-4,0.5,-1,0.2222222222222222,-1,0.4520255863539446,0,0.1926605504587156,2025
693307,"Dingler, Dillon",8533,6.6682465271018545,0.4460624071322437,-1,0.1034482758620689,1,0.4450704225352113,0,0.1721854304635761,0,0.5266955266955267,2,0.6284722222222222,1,0.2842465753424658,3,0.5385656292286874,1,0.247191011235955,2025
668939,"Rutschman, Adley",4952,2.425184654328082,0.4348750664540138,1,0.1755725190839694,0,0.4291666666666666,0,0.2244897959183673,1,0.5668604651162791,1,0.6136363636363636,1,0.323943661971831,-1,0.438692098092643,0,0.251207729468599,2025
681351,"O'Hoppe, Logan",7694,-8.19999665334411,0.4,0,0.1650485436893204,-1,0.4367816091954023,-1,0.1830985915492957,0,0.5210608424336973,-3,0.5608856088560885,0,0.2573839662447257,-3,0.4067524115755627,-1,0.1721854304635761,2025
641598,"Garver, Mitch",2975,-2.189890872240089,0.3898886032562125,0,0.1515151515151515,-1,0.3269230769230769,0,0.1388888888888889,0,0.544973544973545,0,0.525,0,0.3174603174603174,-1,0.4612068965517241,0,0.1982758620689655,2025
650968,"Pozo, Yohel",2688,1.8612031210227,0.437381404174573,0,0.1772151898734177,1,0.4899328859060403,0,0.3333333333333333,1,0.6101694915254238,-1,0.5480225988700564,0,0.2978723404255319,0,0.4708333333333333,-1,0.1333333333333333,2025
643376,"Jansen, Danny",5991,-8.406429994738975,0.3913595933926302,0,0.1421800947867298,0,0.4358974358974359,0,0.1056910569105691,-1,0.5255474452554745,0,0.5707865168539326,-1,0.2578125,-6,0.3726851851851852,-1,0.2126696832579185,2025
663886,"Stephenson, Tyler",4979,-8.019932845314454,0.4034398034398034,0,0.1319444444444444,0,0.405511811023622,0,0.1714285714285714,-2,0.5075757575757576,0,0.6272493573264781,-1,0.1929824561403508,-4,0.4401913875598086,-2,0.1395348837209302,2025
686780,"Pagés, Pedro",7687,4.9501015653508915,0.4466754443712969,0,0.1737089201877934,0,0.4421487603305785,0,0.1788079470198675,-2,0.5216494845360825,3,0.6578014184397163,0,0.3168316831683168,3,0.528052805280528,1,0.2132132132132132,2025
672275,"Bailey, Patrick",8913,25.060725428645284,0.4764472190692395,2,0.2290076335877862,5,0.5292929292929293,3,0.2682926829268293,6,0.6118012422360248,3,0.5961800818553888,2,0.3658536585365853,2,0.5051194539249146,2,0.2371794871794871,2025
689414,"Hicks, Liam",3870,0.4650817030015737,0.4122085048010974,0,0.1811023622047244,1,0.4835164835164835,0,0.2448979591836734,-2,0.4689655172413793,0,0.6082474226804123,0,0.2222222222222222,2,0.4970930232558139,0,0.1813186813186813,2025
696100,"Goodman, Hunter",7395,1.5022261437850664,0.4348130024466969,0,0.1466666666666666,1,0.504950495049505,1,0.25,-1,0.5307443365695793,2,0.6112115732368897,1,0.2463054187192118,-2,0.4640151515151515,0,0.2149837133550488,2025
608348,"Kelly, Carson",6748,-1.9205180925855343,0.4190268700072622,1,0.1860465116279069,2,0.4501278772378516,1,0.2307692307692307,0,0.5398550724637681,-2,0.5828092243186582,-1,0.1572327044025157,-1,0.4684684684684684,-1,0.1646586345381526,2025
666310,"Naylor, Bo",8411,-2.7334849312724097,0.4201430274135876,1,0.1856060606060606,0,0.4245472837022133,0,0.1990049751243781,4,0.5993265993265994,-3,0.5621387283236994,-1,0.2036199095022624,-3,0.4327868852459016,-1,0.2021660649819494,2025
700337,"Quero, Edgar",4973,-12.926515569632008,0.3716632443531827,-1,0.06,-1,0.430327868852459,0,0.1958762886597938,-5,0.3994082840236686,-2,0.5707434052757794,-1,0.1388888888888889,-2,0.4225721784776903,0,0.1971830985915492,2025
682663,"Ramírez, Agustín",5217,0.519607297601983,0.4413656605640771,-1,0.0939597315436241,-1,0.421875,0,0.1212121212121212,-3,0.4975,0,0.6147058823529412,0,0.3416666666666667,4,0.5590200445434298,1,0.2572614107883817,2025
686948,"Baldwin, Drake",6426,-1.0292183229339331,0.4163298302344381,-1,0.141025641025641,-1,0.3588709677419355,-1,0.1204819277108433,2,0.5513833992094862,-4,0.5378973105134475,2,0.3509615384615384,2,0.4788494077834179,0,0.1978021978021978,2025
455117,"Maldonado, Martín",3662,-0.3337673482398461,0.4123931623931623,0,0.1521739130434782,2,0.510752688172043,0,0.2631578947368421,-1,0.5019305019305019,1,0.5827338129496403,-1,0.2043010752688172,-1,0.4326530612244898,0,0.2094594594594594,2025
595978,"Hedges, Austin",4047,10.620270639671734,0.4858934169278996,2,0.2312925170068027,3,0.5426008968609866,2,0.3232323232323232,0,0.5945945945945946,3,0.6426592797783933,1,0.3411764705882353,0,0.5096525096525096,1,0.2530864197530864,2025
518595,"d'Arnaud, Travis",4055,-3.376338397928536,0.3990208078335373,1,0.2197802197802197,0,0.4653465346534653,-1,0.1376146788990825,1,0.5392156862745098,-1,0.5916398713826366,-1,0.1468531468531468,-2,0.4017595307917888,-1,0.1221374045801526,2025
661388,"Contreras, William",9591,0.949381791424144,0.436968290796597,1,0.1927710843373494,-1,0.4205020920502092,-2,0.1538461538461538,3,0.5822603719599427,-3,0.5777166437414031,-1,0.2433333333333333,3,0.5163240628778718,1,0.2202970297029703,2025
620443,"Torrens, Luis",5589,3.819897972867979,0.4226190476190476,-1,0.0873015873015873,-1,0.3728222996515679,0,0.1857142857142857,-1,0.5038759689922481,4,0.6444444444444445,0,0.2378048780487804,1,0.5037220843672456,2,0.2290748898678414,2025
669221,"Murphy, Sean",5650,1.6310436181190622,0.4333627537511033,-1,0.126865671641791,-1,0.3875968992248062,0,0.2016806722689075,0,0.53125,2,0.6233480176211453,0,0.2702702702702703,0,0.4762931034482758,1,0.2448132780082987,2025
660688,"Ruiz, Keibert",4942,-8.70023642177239,0.3823237338629592,-1,0.1044776119402985,0,0.41,0,0.2086330935251798,1,0.565597667638484,-3,0.5264623955431755,0,0.1917808219178082,-2,0.4146341463414634,-2,0.1256830601092896,2025
663698,"Bart, Joey",5833,-1.825311317782676,0.4117896522476675,-1,0.1055555555555555,0,0.3901734104046243,0,0.2110091743119266,-1,0.4834710743801653,2,0.6301369863013698,-1,0.2467532467532467,0,0.4883177570093458,0,0.1689497716894977,2025
680779,"Davis, Henry",5421,-1.7343624973667162,0.4092153284671533,0,0.1139240506329113,0,0.4319066147859922,-1,0.1428571428571428,-2,0.4744525547445255,2,0.6028708133971292,0,0.1987179487179487,0,0.492099322799097,1,0.2286821705426356,2025
624512,"McGuire, Reese",2726,3.471797378031532,0.4450651769087523,1,0.2117647058823529,3,0.6257309941520468,1,0.2769230769230769,1,0.6036866359447005,-1,0.5838926174496645,0,0.189873417721519,-1,0.4481132075471698,-1,0.0729166666666666,2025
682626,"Alvarez, Francisco",5303,-4.816233452801199,0.4090019569471624,0,0.1734104046242774,0,0.4653846153846154,-1,0.1325301204819277,-3,0.472636815920398,-2,0.5773480662983426,0,0.25,1,0.4705882352941176,-1,0.1978609625668449,2025
624431,"Trevino, Jose",6268,1.5347263578593875,0.4187192118226601,-1,0.1111111111111111,1,0.4454545454545454,0,0.1826086956521739,-4,0.4272517321016166,6,0.7074688796680498,-1,0.1780821917808219,-1,0.4433198380566802,1,0.2339622641509434,2025
687221,"Rushing, Dalton",2660,-3.063128930786689,0.3972055888223553,-1,0.0625,0,0.4468085106382978,0,0.1884057971014492,0,0.5178571428571429,-1,0.5423728813559322,0,0.16,0,0.4732142857142857,0,0.2023809523809523,2025
680777,"Jeffers, Ryan",5854,-1.0686449258680035,0.4182282793867121,0,0.1641791044776119,-1,0.4492307692307692,-1,0.1265822784810126,1,0.559322033898305,0,0.5577889447236181,0,0.272108843537415,-1,0.4541666666666666,0,0.1991869918699187,2025
607732,"Stallings, Jacob",2711,-2.123033824120617,0.4213006597549482,0,0.109090909090909,-1,0.4112903225806452,0,0.1428571428571428,0,0.5260869565217391,0,0.57847533632287,0,0.3516483516483517,-1,0.4195121951219512,0,0.1714285714285714,2025
543877,"Vázquez, Christian",4228,-2.8393762351345977,0.4108108108108108,0,0.1941747572815534,-1,0.3786764705882353,-1,0.1517857142857142,-1,0.5379310344827586,1,0.5666666666666667,0,0.2266666666666666,-1,0.4628975265017668,0,0.2117647058823529,2025
666023,"Fermin, Freddy",6775,-0.5678886432720157,0.43587842846553,0,0.1823204419889502,-2,0.389294403892944,-1,0.1296296296296296,3,0.5873320537428023,-2,0.6140350877192983,1,0.320855614973262,0,0.4789029535864978,0,0.216867469879518,2025
543309,"Higashioka, Kyle",4746,3.008353548378775,0.4309278350515464,1,0.1732283464566929,-1,0.3222748815165877,-1,0.1348314606741573,1,0.5140449438202247,-1,0.5794392523364486,1,0.4358974358974359,2,0.5331491712707183,1,0.236,2025
663728,"Raleigh, Cal",8797,7.0257354129605964,0.4366074030894782,1,0.1777003484320557,2,0.4742489270386266,2,0.2857142857142857,2,0.575503355704698,2,0.600547195622435,0,0.2254901960784313,-3,0.467005076142132,0,0.1871657754010695,2025
672515,"Moreno, Gabriel",5400,6.390166646898935,0.4449737970462125,0,0.152,0,0.4077669902912621,0,0.1368421052631579,2,0.585,-1,0.5678670360110804,0,0.3160621761658031,4,0.5296523517382413,1,0.2565217391304348,2025
665966,"Narváez, Carlos",7870,4.977671568157485,0.4295259306395164,-1,0.1244239631336405,3,0.4851936218678815,0,0.1836734693877551,1,0.5386029411764706,2,0.6151419558359621,0,0.2254901960784313,-1,0.4591503267973856,1,0.2154882154882154,2025
641680,"Heim, Jonah",6648,-2.049121527605678,0.4187685459940652,0,0.1180124223602484,-2,0.3740458015267175,0,0.1596638655462184,-2,0.4884615384615384,3,0.603290676416819,-1,0.1927710843373494,-1,0.5204991087344029,2,0.2361111111111111,2025
669127,"Langeliers, Shea",8617,-2.8623563065033775,0.4040741866828823,-1,0.125,0,0.3991596638655462,0,0.1708333333333333,-5,0.4339285714285714,5,0.650200267022697,-2,0.1686046511627907,-4,0.4489051094890511,2,0.2072368421052631,2025
592663,"Realmuto, J.T.",9714,-8.371238231439207,0.4090454772613693,1,0.1890756302521008,-2,0.3716814159292035,-1,0.1796116504854369,7,0.5860759493670886,-7,0.554726368159204,0,0.2248322147651006,-4,0.4127829560585885,-3,0.1685714285714285,2025
669257,"Smith, Will",7621,-9.790228212200484,0.3979284998329435,-1,0.1073170731707317,-4,0.3333333333333333,-1,0.1558441558441558,-2,0.526508226691042,-3,0.537521815008726,-1,0.2285714285714285,1,0.4875621890547263,0,0.2459016393442623,2025
657136,"Wong, Connor",3851,0.1702206985530172,0.4219354838709677,0,0.0947368421052631,-1,0.391304347826087,-1,0.1612903225806451,0,0.5412186379928315,2,0.6306620209059234,1,0.2803030303030303,0,0.4794117647058823,0,0.2147239263803681,2025
623168,"Heineman, Tyler",3450,4.700195236925988,0.473288186606471,0,0.180722891566265,0,0.4375,0,0.2816901408450704,1,0.549407114624506,1,0.6486486486486487,1,0.3909090909090909,1,0.5223880597014925,0,0.272,2025
642136,"Thaiss, Matt",3413,-3.5889449510396902,0.3837920489296636,0,0.1328125,-1,0.3854748603351955,0,0.208955223880597,-1,0.4907407407407407,2,0.6278195488721805,-1,0.16,-2,0.4279661016949153,-1,0.1134751773049645,2025
605170,"Caratini, Victor",3758,-1.743529604353108,0.4042132982225148,0,0.1777777777777777,0,0.4639175257731959,0,0.2068965517241379,-1,0.4804270462633452,1,0.6114864864864865,-1,0.1809523809523809,-1,0.4184397163120567,0,0.2086330935251798,2025
656180,"Adams, Riley",5664,-8.692919482683793,0.387221269296741,0,0.1385542168674698,0,0.4109195402298851,-1,0.1623931623931624,2,0.5338983050847458,-5,0.4757281553398058,-1,0.2011173184357542,1,0.4976190476190476,-3,0.1146788990825688,2025
672386,"Kirk, Alejandro",8499,16.630482933736754,0.4710412815773259,1,0.1926605504587156,0,0.4360313315926893,0,0.1911764705882352,4,0.5901162790697675,2,0.598116169544741,2,0.3234042553191489,5,0.5622047244094488,2,0.2356687898089172,2025
666163,"Rortvedt, Ben",2782,0.5860663979849489,0.405040504050405,0,0.109375,0,0.3963414634146341,0,0.1975308641975308,-3,0.4382716049382716,2,0.6218487394957983,0,0.2295081967213114,1,0.4766355140186916,1,0.2125984251968504,2025
